id,cantidad,unidad,fecha_actualizacion,nivel_minimo,alerta_stock
INV-00001,1,pallet,2026-04-16,48,true
INV-00002,107,litro,2026-04-08,89,false
INV-00003,229,litro,2026-03-07,206,false
INV-00004,350,kg,2026-04-07,131,false
INV-00005,303,caja,2026-03-28,123,false
INV-00006,20,caja,2026-04-03,197,true
INV-00007,274,unidad,2026-05-04,111,false
INV-00008,71,unidad,2026-04-05,144,true
INV-00009,65,pallet,2026-03-23,38,false
INV-00010,587,caja,2026-03-27,202,false
INV-00011,291,unidad,2026-04-05,120,false
INV-00012,25,kg,2026-04-25,14,false
INV-00013,508,pallet,2026-03-22,207,false
INV-00014,237,litro,2026-03-24,130,false
INV-00015,83,pallet,2026-03-07,46,false
INV-00016,98,unidad,2026-05-05,78,false
INV-00017,1,unidad,2026-04-14,51,true
INV-00018,170,litro,2026-04-27,105,false
INV-00019,144,unidad,2026-04-20,51,false
INV-00020,473,caja,2026-04-17,183,false
INV-00021,317,kg,2026-04-07,150,false
INV-00022,216,unidad,2026-04-27,139,false
INV-00023,201,caja,2026-04-20,123,false
INV-00024,225,kg,2026-04-20,117,false
INV-00025,437,unidad,2026-04-21,208,false
INV-00026,40,pallet,2026-04-05,31,false
INV-00027,21,kg,2026-03-23,20,false
INV-00028,12,kg,2026-03-30,18,true
INV-00029,31,unidad,2026-04-28,13,false
INV-00030,69,pallet,2026-05-03,60,false
INV-00031,30,unidad,2026-04-08,15,false
INV-00032,415,unidad,2026-04-03,198,false
INV-00033,43,litro,2026-04-01,17,false
INV-00034,268,pallet,2026-04-11,160,false
INV-00035,185,litro,2026-04-07,148,false
INV-00036,43,caja,2026-04-27,87,true
INV-00037,116,kg,2026-03-17,48,false
INV-00038,315,unidad,2026-04-12,129,false
INV-00039,368,kg,2026-04-08,155,false
INV-00040,45,pallet,2026-03-31,95,true
INV-00041,30,litro,2026-05-03,35,true
INV-00042,338,kg,2026-03-10,209,false
INV-00043,224,unidad,2026-03-25,84,false
INV-00044,92,pallet,2026-04-28,97,true
INV-00045,350,unidad,2026-03-07,130,false
INV-00046,102,pallet,2026-04-10,152,true
INV-00047,102,pallet,2026-04-12,52,false
INV-00048,138,kg,2026-03-20,59,false
INV-00049,352,pallet,2026-05-01,197,false
INV-00050,411,unidad,2026-03-11,175,false
INV-00051,66,caja,2026-03-29,51,false
INV-00052,311,litro,2026-04-14,114,false
INV-00053,420,pallet,2026-03-25,158,false
INV-00054,86,kg,2026-04-23,50,false
INV-00055,64,litro,2026-03-10,69,true
INV-00056,522,caja,2026-03-18,178,false
INV-00057,291,caja,2026-03-22,208,false
INV-00058,112,litro,2026-04-24,158,true
INV-00059,68,kg,2026-03-31,101,true
INV-00060,359,caja,2026-03-11,189,false
INV-00061,239,caja,2026-04-23,89,false
INV-00062,130,caja,2026-05-04,125,false
INV-00063,226,litro,2026-04-04,81,false
INV-00064,126,litro,2026-04-21,73,false
INV-00065,296,pallet,2026-04-25,191,false
INV-00066,202,pallet,2026-03-31,137,false
INV-00067,352,pallet,2026-04-16,121,false
INV-00068,234,kg,2026-04-12,79,false
INV-00069,42,unidad,2026-03-19,49,true
INV-00070,18,pallet,2026-04-21,95,true
INV-00071,64,kg,2026-03-24,107,true
INV-00072,255,pallet,2026-03-18,163,false
INV-00073,59,pallet,2026-04-29,167,true
INV-00074,118,litro,2026-03-20,50,false
INV-00075,527,litro,2026-03-17,177,false
INV-00076,94,kg,2026-03-14,38,false
INV-00077,216,kg,2026-05-05,124,false
INV-00078,339,pallet,2026-03-29,172,false
INV-00079,212,kg,2026-03-23,149,false
INV-00080,35,caja,2026-04-08,14,false
INV-00081,44,kg,2026-03-20,90,true
INV-00082,27,unidad,2026-05-05,204,true
INV-00083,123,litro,2026-03-30,85,false
INV-00084,53,unidad,2026-05-01,37,false
INV-00085,183,unidad,2026-03-07,191,true
INV-00086,33,unidad,2026-03-31,49,true
INV-00087,32,unidad,2026-05-05,69,true
INV-00088,532,litro,2026-03-07,180,false
INV-00089,355,unidad,2026-04-03,160,false
INV-00090,231,litro,2026-04-22,129,false
INV-00091,480,litro,2026-03-14,166,false
INV-00092,113,kg,2026-04-15,141,true
INV-00093,57,kg,2026-04-13,186,true
INV-00094,203,caja,2026-04-24,178,false
INV-00095,2,litro,2026-05-02,125,true
INV-00096,39,kg,2026-04-25,155,true
INV-00097,262,kg,2026-03-23,121,false
INV-00098,68,unidad,2026-03-31,154,true
INV-00099,73,litro,2026-03-20,174,true
INV-00100,154,unidad,2026-05-01,160,true
INV-00101,346,pallet,2026-05-04,186,false
INV-00102,62,pallet,2026-04-13,54,false
INV-00103,96,litro,2026-04-04,85,false
INV-00104,70,pallet,2026-03-21,52,false
INV-00105,112,caja,2026-04-02,43,false
INV-00106,31,kg,2026-04-12,11,false
INV-00107,205,kg,2026-03-31,182,false
INV-00108,54,kg,2026-03-09,22,false
INV-00109,19,unidad,2026-03-16,31,true
INV-00110,188,litro,2026-03-12,145,false
INV-00111,159,caja,2026-04-03,131,false
INV-00112,194,litro,2026-04-23,80,false
INV-00113,18,pallet,2026-03-26,95,true
INV-00114,38,unidad,2026-04-28,15,false
INV-00115,17,kg,2026-03-07,148,true
INV-00116,231,litro,2026-04-10,131,false
INV-00117,5,litro,2026-05-02,40,true
INV-00118,108,kg,2026-03-25,75,false
INV-00119,65,caja,2026-04-14,148,true
INV-00120,116,caja,2026-04-03,45,false
INV-00121,138,pallet,2026-04-25,91,false
INV-00122,90,caja,2026-04-22,137,true
INV-00123,373,unidad,2026-04-09,158,false
INV-00124,263,caja,2026-04-01,168,false
INV-00125,97,kg,2026-04-10,47,false
INV-00126,70,litro,2026-04-06,43,false
INV-00127,334,caja,2026-04-24,118,false
INV-00128,247,caja,2026-04-12,145,false
INV-00129,490,unidad,2026-03-10,173,false
INV-00130,189,kg,2026-03-11,110,false
INV-00131,71,pallet,2026-03-15,106,true
INV-00132,136,caja,2026-04-05,128,false
INV-00133,549,pallet,2026-04-20,197,false
INV-00134,212,litro,2026-03-31,125,false
INV-00135,218,kg,2026-03-20,94,false
INV-00136,171,pallet,2026-05-05,107,false
INV-00137,36,pallet,2026-04-21,198,true
INV-00138,16,litro,2026-04-02,74,true
INV-00139,474,litro,2026-04-11,208,false
INV-00140,6,kg,2026-04-06,16,true
INV-00141,141,litro,2026-04-19,203,true
INV-00142,7,kg,2026-03-23,95,true
INV-00143,236,kg,2026-03-08,171,false
INV-00144,130,kg,2026-04-05,171,true
INV-00145,44,unidad,2026-04-09,133,true
INV-00146,109,unidad,2026-05-05,74,false
INV-00147,51,caja,2026-04-14,19,false
INV-00148,340,pallet,2026-03-18,149,false
INV-00149,331,unidad,2026-04-01,117,false
INV-00150,137,unidad,2026-04-12,103,false
INV-00151,132,pallet,2026-03-25,137,true
INV-00152,58,litro,2026-03-08,96,true
INV-00153,40,pallet,2026-04-17,123,true
INV-00154,35,litro,2026-03-09,18,false
INV-00155,124,caja,2026-03-13,58,false
INV-00156,205,caja,2026-04-02,116,false
INV-00157,71,unidad,2026-04-24,121,true
INV-00158,345,kg,2026-03-27,203,false
INV-00159,163,caja,2026-03-26,61,false
INV-00160,209,kg,2026-04-02,77,false
INV-00161,68,caja,2026-03-14,116,true
INV-00162,362,kg,2026-03-17,205,false
INV-00163,28,caja,2026-04-15,34,true
INV-00164,207,caja,2026-04-29,170,false
INV-00165,174,caja,2026-04-26,158,false
INV-00166,393,caja,2026-03-28,156,false
INV-00167,70,caja,2026-04-18,29,false
INV-00168,240,pallet,2026-04-23,118,false
INV-00169,153,unidad,2026-04-12,52,false
INV-00170,13,kg,2026-05-05,131,true
INV-00171,239,unidad,2026-03-19,181,false
INV-00172,394,kg,2026-03-18,133,false
INV-00173,114,litro,2026-03-10,75,false
INV-00174,353,kg,2026-03-17,160,false
INV-00175,117,kg,2026-05-04,47,false
INV-00176,198,caja,2026-03-16,102,false
INV-00177,8,unidad,2026-05-02,76,true
INV-00178,64,caja,2026-04-23,190,true
INV-00179,42,unidad,2026-04-29,16,false
INV-00180,170,caja,2026-04-23,102,false
INV-00181,2,unidad,2026-04-27,57,true
INV-00182,81,kg,2026-03-26,160,true
INV-00183,20,caja,2026-05-01,51,true
INV-00184,154,unidad,2026-03-25,178,true
INV-00185,70,pallet,2026-04-28,30,false
INV-00186,448,unidad,2026-04-16,162,false
INV-00187,68,kg,2026-03-21,26,false
INV-00188,52,pallet,2026-04-01,22,false
INV-00189,116,pallet,2026-03-18,63,false
INV-00190,356,unidad,2026-04-13,175,false
INV-00191,52,kg,2026-04-11,23,false
INV-00192,296,unidad,2026-04-27,193,false
INV-00193,209,kg,2026-04-15,74,false
INV-00194,202,unidad,2026-03-15,184,false
INV-00195,159,unidad,2026-04-07,102,false
INV-00196,150,pallet,2026-04-18,69,false
INV-00197,34,pallet,2026-03-20,105,true
INV-00198,111,kg,2026-04-01,130,true
INV-00199,350,caja,2026-03-22,204,false
INV-00200,46,caja,2026-04-07,162,true
INV-00201,373,litro,2026-03-31,174,false
INV-00202,317,unidad,2026-04-02,182,false
INV-00203,187,litro,2026-04-26,182,false
INV-00204,51,pallet,2026-04-10,58,true
INV-00205,114,caja,2026-03-19,92,false
INV-00206,363,unidad,2026-04-08,177,false
INV-00207,352,unidad,2026-04-05,202,false
INV-00208,234,caja,2026-03-14,79,false
INV-00209,101,pallet,2026-03-12,137,true
INV-00210,78,caja,2026-04-05,50,false
INV-00211,493,caja,2026-04-07,203,false
INV-00212,184,kg,2026-03-13,142,false
INV-00213,338,litro,2026-03-15,148,false
INV-00214,155,kg,2026-03-24,133,false
INV-00215,8,litro,2026-03-30,13,true
INV-00216,39,litro,2026-04-06,68,true
INV-00217,248,unidad,2026-04-27,191,false
INV-00218,165,kg,2026-04-18,79,false
INV-00219,179,kg,2026-03-08,162,false
INV-00220,458,unidad,2026-05-01,170,false
INV-00221,151,kg,2026-03-19,165,true
INV-00222,424,litro,2026-03-23,167,false
INV-00223,71,pallet,2026-03-28,52,false
INV-00224,162,kg,2026-03-11,170,true
INV-00225,312,kg,2026-03-13,156,false
INV-00226,542,pallet,2026-04-30,198,false
INV-00227,205,litro,2026-04-29,147,false
INV-00228,56,pallet,2026-03-23,78,true
INV-00229,19,caja,2026-05-05,113,true
INV-00230,103,caja,2026-03-25,48,false
INV-00231,117,caja,2026-04-09,85,false
INV-00232,24,kg,2026-04-27,86,true
INV-00233,184,unidad,2026-05-01,195,true
INV-00234,15,unidad,2026-03-13,60,true
INV-00235,263,litro,2026-03-20,143,false
INV-00236,445,pallet,2026-04-14,201,false
INV-00237,254,unidad,2026-03-28,101,false
INV-00238,48,caja,2026-04-17,32,false
INV-00239,62,caja,2026-04-12,35,false
INV-00240,150,litro,2026-03-08,126,false
INV-00241,63,caja,2026-04-04,73,true
INV-00242,367,kg,2026-03-07,187,false
INV-00243,66,pallet,2026-04-16,58,false
INV-00244,35,unidad,2026-03-30,20,false
INV-00245,286,caja,2026-03-29,195,false
INV-00246,94,pallet,2026-03-14,44,false
INV-00247,3,unidad,2026-04-26,133,true
INV-00248,183,pallet,2026-04-16,66,false
INV-00249,21,pallet,2026-03-31,129,true
INV-00250,49,kg,2026-05-01,98,true
INV-00251,351,unidad,2026-03-10,159,false
INV-00252,161,unidad,2026-04-20,76,false
INV-00253,121,pallet,2026-04-26,68,false
INV-00254,541,unidad,2026-03-07,182,false
INV-00255,111,caja,2026-04-24,73,false
INV-00256,20,caja,2026-03-11,81,true
INV-00257,139,unidad,2026-04-18,68,false
INV-00258,10,unidad,2026-03-18,29,true
INV-00259,149,kg,2026-04-21,105,false
INV-00260,87,litro,2026-04-11,44,false
INV-00261,130,pallet,2026-04-28,89,false
INV-00262,105,kg,2026-04-16,60,false
INV-00263,27,litro,2026-04-30,183,true
INV-00264,369,caja,2026-04-21,206,false
INV-00265,289,pallet,2026-03-27,156,false
INV-00266,18,kg,2026-04-08,59,true
INV-00267,58,kg,2026-04-12,25,false
INV-00268,132,caja,2026-04-03,45,false
INV-00269,172,litro,2026-04-11,162,false
INV-00270,16,caja,2026-05-04,172,true
INV-00271,68,unidad,2026-03-17,26,false
INV-00272,160,unidad,2026-04-23,116,false
INV-00273,470,kg,2026-05-04,193,false
INV-00274,35,unidad,2026-03-14,13,false
INV-00275,321,caja,2026-04-03,109,false
INV-00276,342,litro,2026-03-12,153,false
INV-00277,106,litro,2026-05-02,71,false
INV-00278,43,litro,2026-03-15,29,false
INV-00279,308,caja,2026-05-04,205,false
INV-00280,125,litro,2026-04-14,130,true
INV-00281,106,litro,2026-04-21,97,false
INV-00282,1,unidad,2026-04-12,25,true
INV-00283,44,pallet,2026-04-06,102,true
INV-00284,136,pallet,2026-04-06,76,false
INV-00285,81,kg,2026-03-12,39,false
INV-00286,158,kg,2026-04-23,67,false
INV-00287,171,unidad,2026-03-30,164,false
INV-00288,8,kg,2026-04-17,40,true
INV-00289,300,unidad,2026-04-04,127,false
INV-00290,267,caja,2026-04-21,154,false
INV-00291,315,caja,2026-04-25,117,false
INV-00292,90,kg,2026-04-23,126,true
INV-00293,41,unidad,2026-04-14,91,true
INV-00294,3,caja,2026-04-22,12,true
INV-00295,106,unidad,2026-05-05,205,true
INV-00296,500,pallet,2026-03-08,192,false
INV-00297,253,litro,2026-04-03,124,false
INV-00298,98,unidad,2026-04-01,88,false
INV-00299,9,litro,2026-03-26,82,true
INV-00300,367,litro,2026-03-14,180,false
INV-00301,63,pallet,2026-03-07,53,false
INV-00302,278,kg,2026-04-16,203,false
INV-00303,66,litro,2026-04-13,109,true
INV-00304,12,pallet,2026-04-13,14,true
INV-00305,381,kg,2026-03-26,138,false
INV-00306,28,litro,2026-03-24,22,false
INV-00307,127,litro,2026-04-19,54,false
INV-00308,161,kg,2026-04-15,150,false
INV-00309,354,pallet,2026-04-13,160,false
INV-00310,392,litro,2026-04-22,177,false
INV-00311,157,kg,2026-04-21,122,false
INV-00312,25,litro,2026-03-19,72,true
INV-00313,332,litro,2026-04-03,156,false
INV-00314,126,pallet,2026-04-18,200,true
INV-00315,27,caja,2026-05-03,75,true
INV-00316,188,kg,2026-05-02,99,false
INV-00317,265,litro,2026-04-03,94,false
INV-00318,43,unidad,2026-04-10,31,false
INV-00319,31,unidad,2026-04-21,188,true
INV-00320,269,litro,2026-03-30,186,false
INV-00321,12,pallet,2026-05-03,62,true
INV-00322,326,pallet,2026-03-12,169,false
INV-00323,95,pallet,2026-04-06,149,true
INV-00324,331,caja,2026-04-28,131,false
INV-00325,32,caja,2026-04-17,15,false
INV-00326,111,pallet,2026-03-23,138,true
INV-00327,504,caja,2026-03-12,170,false
INV-00328,33,unidad,2026-04-13,33,false
INV-00329,92,caja,2026-04-04,169,true
INV-00330,20,caja,2026-03-23,67,true
INV-00331,44,caja,2026-03-21,50,true
INV-00332,137,pallet,2026-05-05,90,false
INV-00333,453,pallet,2026-04-07,172,false
INV-00334,281,unidad,2026-03-24,118,false
INV-00335,27,litro,2026-04-20,19,false
INV-00336,228,unidad,2026-04-13,105,false
INV-00337,62,pallet,2026-04-22,57,false
INV-00338,172,unidad,2026-03-23,59,false
INV-00339,8,kg,2026-03-21,108,true
INV-00340,166,unidad,2026-04-29,61,false
INV-00341,11,kg,2026-03-20,28,true
INV-00342,40,pallet,2026-03-21,92,true
INV-00343,422,unidad,2026-04-21,186,false
INV-00344,182,unidad,2026-04-26,173,false
INV-00345,277,litro,2026-03-25,167,false
INV-00346,156,litro,2026-04-02,180,true
INV-00347,117,pallet,2026-03-30,205,true
INV-00348,20,litro,2026-03-23,61,true
INV-00349,443,unidad,2026-05-02,151,false
INV-00350,90,litro,2026-04-15,104,true
INV-00351,36,litro,2026-04-09,40,true
INV-00352,85,pallet,2026-03-19,173,true
INV-00353,490,unidad,2026-03-22,166,false
INV-00354,212,caja,2026-03-29,103,false
INV-00355,325,kg,2026-04-10,115,false
INV-00356,310,kg,2026-03-17,133,false
INV-00357,3,kg,2026-03-19,180,true
INV-00358,117,caja,2026-04-05,131,true
INV-00359,129,pallet,2026-03-16,56,false
INV-00360,219,litro,2026-04-24,190,false
INV-00361,201,unidad,2026-03-20,104,false
INV-00362,298,pallet,2026-03-21,150,false
INV-00363,305,caja,2026-04-20,153,false
INV-00364,39,unidad,2026-03-12,31,false
INV-00365,93,litro,2026-04-24,47,false
INV-00366,281,kg,2026-04-26,138,false
INV-00367,115,kg,2026-03-31,111,false
INV-00368,158,pallet,2026-04-20,110,false
INV-00369,15,pallet,2026-04-26,69,true
INV-00370,80,kg,2026-05-02,27,false
INV-00371,379,litro,2026-04-24,196,false
INV-00372,60,kg,2026-05-05,151,true
INV-00373,209,pallet,2026-04-18,129,false
INV-00374,260,unidad,2026-03-09,88,false
INV-00375,233,kg,2026-04-09,122,false
INV-00376,185,litro,2026-03-15,158,false
INV-00377,6,litro,2026-04-13,15,true
INV-00378,131,kg,2026-04-29,54,false
INV-00379,276,pallet,2026-04-09,132,false
INV-00380,2,kg,2026-04-23,68,true
INV-00381,344,litro,2026-03-26,138,false
INV-00382,27,litro,2026-05-04,68,true
INV-00383,145,kg,2026-04-15,165,true
INV-00384,57,caja,2026-04-10,148,true
INV-00385,210,unidad,2026-03-17,190,false
INV-00386,108,litro,2026-03-29,171,true
INV-00387,200,caja,2026-03-23,72,false
INV-00388,196,litro,2026-04-27,146,false
INV-00389,364,caja,2026-04-13,185,false
INV-00390,99,kg,2026-03-11,47,false
INV-00391,133,unidad,2026-04-04,126,false
INV-00392,287,kg,2026-03-30,160,false
INV-00393,33,caja,2026-03-13,70,true
INV-00394,279,kg,2026-05-01,148,false
INV-00395,294,pallet,2026-04-27,108,false
INV-00396,508,kg,2026-03-16,209,false
INV-00397,43,litro,2026-03-13,166,true
INV-00398,515,litro,2026-04-24,207,false
INV-00399,121,litro,2026-03-27,50,false
INV-00400,166,kg,2026-03-15,78,false
INV-00401,277,litro,2026-03-18,109,false
INV-00402,142,caja,2026-05-05,104,false
INV-00403,333,kg,2026-03-24,120,false
INV-00404,1,pallet,2026-04-11,10,true
INV-00405,293,unidad,2026-03-20,126,false
INV-00406,598,unidad,2026-04-09,207,false
INV-00407,219,litro,2026-04-24,92,false
INV-00408,77,kg,2026-04-11,28,false
INV-00409,168,kg,2026-04-19,125,false
INV-00410,17,caja,2026-04-29,51,true
INV-00411,39,litro,2026-03-09,24,false
INV-00412,166,unidad,2026-03-30,116,false
INV-00413,12,kg,2026-04-29,107,true
INV-00414,365,caja,2026-03-16,175,false
INV-00415,262,unidad,2026-04-27,202,false
INV-00416,62,caja,2026-04-28,190,true
INV-00417,11,pallet,2026-03-30,40,true
INV-00418,434,pallet,2026-04-15,196,false
INV-00419,96,caja,2026-04-15,100,true
INV-00420,267,litro,2026-04-24,98,false
INV-00421,211,pallet,2026-04-23,105,false
INV-00422,0,pallet,2026-03-13,26,true
INV-00423,49,litro,2026-03-13,77,true
INV-00424,310,caja,2026-04-06,121,false
INV-00425,69,caja,2026-03-25,116,true
INV-00426,155,litro,2026-03-11,205,true
INV-00427,14,litro,2026-04-25,85,true
INV-00428,36,pallet,2026-03-31,165,true
INV-00429,402,caja,2026-03-30,154,false
INV-00430,69,kg,2026-03-08,31,false
INV-00431,511,kg,2026-04-28,174,false
INV-00432,114,kg,2026-03-30,45,false
INV-00433,288,kg,2026-03-20,140,false
INV-00434,60,unidad,2026-05-02,30,false
INV-00435,457,litro,2026-03-13,170,false
INV-00436,106,pallet,2026-03-31,40,false
INV-00437,52,kg,2026-03-30,53,true
INV-00438,146,pallet,2026-03-27,80,false
INV-00439,278,kg,2026-05-01,144,false
INV-00440,375,pallet,2026-03-08,188,false
INV-00441,198,caja,2026-03-12,102,false
INV-00442,318,pallet,2026-03-18,114,false
INV-00443,54,unidad,2026-04-04,19,false
INV-00444,85,unidad,2026-05-02,40,false
INV-00445,289,caja,2026-03-31,202,false
INV-00446,123,pallet,2026-03-16,112,false
INV-00447,35,kg,2026-03-23,102,true
INV-00448,19,pallet,2026-03-25,136,true
INV-00449,124,kg,2026-03-30,116,false
INV-00450,181,caja,2026-03-24,65,false
INV-00451,337,pallet,2026-04-02,181,false
INV-00452,41,pallet,2026-04-15,39,false
INV-00453,415,unidad,2026-04-01,200,false
INV-00454,174,caja,2026-03-22,178,true
INV-00455,0,litro,2026-04-20,37,true
INV-00456,19,unidad,2026-03-21,19,false
INV-00457,192,unidad,2026-04-03,78,false
INV-00458,105,kg,2026-03-28,173,true
INV-00459,58,kg,2026-04-23,84,true
INV-00460,2,caja,2026-05-04,13,true
INV-00461,82,caja,2026-04-23,133,true
INV-00462,34,unidad,2026-04-22,84,true
INV-00463,158,kg,2026-03-07,118,false
INV-00464,244,caja,2026-05-04,97,false
INV-00465,233,litro,2026-03-07,114,false
INV-00466,67,litro,2026-04-06,36,false
INV-00467,18,pallet,2026-03-08,16,false
INV-00468,44,pallet,2026-03-21,114,true
INV-00469,10,litro,2026-05-01,59,true
INV-00470,209,pallet,2026-03-08,130,false
INV-00471,5,kg,2026-05-03,13,true
INV-00472,298,litro,2026-03-20,142,false
INV-00473,55,unidad,2026-05-04,43,false
INV-00474,94,unidad,2026-04-25,148,true
INV-00475,240,unidad,2026-04-05,110,false
INV-00476,214,pallet,2026-03-13,87,false
INV-00477,3,litro,2026-04-18,11,true
INV-00478,12,kg,2026-04-06,48,true
INV-00479,93,caja,2026-03-29,71,false
INV-00480,35,caja,2026-04-06,46,true
INV-00481,357,caja,2026-03-21,137,false
INV-00482,21,unidad,2026-03-23,80,true
INV-00483,213,litro,2026-04-27,167,false
INV-00484,27,litro,2026-03-13,18,false
INV-00485,389,litro,2026-04-17,196,false
INV-00486,162,kg,2026-04-14,148,false
INV-00487,433,pallet,2026-03-12,200,false
INV-00488,299,unidad,2026-03-23,144,false
INV-00489,120,litro,2026-04-17,86,false
INV-00490,93,pallet,2026-05-05,117,true
INV-00491,8,pallet,2026-03-27,13,true
INV-00492,87,litro,2026-04-20,57,false
INV-00493,484,unidad,2026-04-20,162,false
INV-00494,427,unidad,2026-04-03,196,false
INV-00495,10,pallet,2026-03-09,16,true
INV-00496,301,unidad,2026-04-15,169,false
INV-00497,165,caja,2026-04-11,122,false
INV-00498,194,pallet,2026-03-27,121,false
INV-00499,66,kg,2026-04-10,187,true
INV-00500,11,pallet,2026-03-20,151,true
INV-00501,157,unidad,2026-03-20,114,false
INV-00502,113,caja,2026-03-22,60,false
INV-00503,119,kg,2026-05-05,142,true
INV-00504,193,unidad,2026-05-03,178,false
INV-00505,214,pallet,2026-04-21,134,false
INV-00506,451,litro,2026-03-15,172,false
INV-00507,8,kg,2026-04-17,18,true
INV-00508,127,caja,2026-03-30,97,false
INV-00509,11,kg,2026-03-20,42,true
INV-00510,21,pallet,2026-05-05,35,true
INV-00511,109,kg,2026-03-14,176,true
INV-00512,472,litro,2026-03-31,173,false
INV-00513,323,caja,2026-03-26,189,false
INV-00514,138,kg,2026-04-26,194,true
INV-00515,30,litro,2026-04-12,12,false
INV-00516,519,kg,2026-04-27,200,false
INV-00517,157,caja,2026-04-21,99,false
INV-00518,187,kg,2026-04-06,177,false
INV-00519,57,pallet,2026-04-10,46,false
INV-00520,235,unidad,2026-04-12,88,false
INV-00521,250,pallet,2026-04-11,121,false
INV-00522,129,kg,2026-04-02,59,false
INV-00523,81,kg,2026-05-03,48,false
INV-00524,17,litro,2026-03-09,43,true
INV-00525,378,pallet,2026-03-16,140,false
INV-00526,420,unidad,2026-05-02,159,false
INV-00527,53,caja,2026-04-14,62,true
INV-00528,83,unidad,2026-04-29,29,false
INV-00529,320,unidad,2026-03-15,184,false
INV-00530,18,pallet,2026-03-17,33,true
INV-00531,15,pallet,2026-04-10,16,true
INV-00532,161,unidad,2026-03-31,63,false
INV-00533,435,unidad,2026-04-22,147,false
INV-00534,150,kg,2026-03-11,170,true
INV-00535,78,caja,2026-04-05,173,true
INV-00536,47,pallet,2026-03-14,33,false
INV-00537,365,litro,2026-05-04,160,false
INV-00538,133,pallet,2026-03-16,77,false
INV-00539,122,pallet,2026-03-22,118,false
INV-00540,109,kg,2026-05-02,169,true
INV-00541,156,pallet,2026-04-22,91,false
INV-00542,47,pallet,2026-03-18,18,false
INV-00543,185,pallet,2026-03-31,143,false
INV-00544,43,caja,2026-04-22,27,false
INV-00545,159,litro,2026-03-28,191,true
INV-00546,181,kg,2026-04-30,70,false
INV-00547,143,litro,2026-04-12,100,false
INV-00548,58,unidad,2026-04-20,37,false
INV-00549,481,litro,2026-03-31,185,false
INV-00550,442,litro,2026-03-08,157,false
INV-00551,125,kg,2026-03-23,92,false
INV-00552,259,kg,2026-03-20,155,false
INV-00553,265,unidad,2026-04-12,158,false
INV-00554,232,kg,2026-05-02,146,false
INV-00555,210,unidad,2026-03-12,200,false
INV-00556,314,pallet,2026-04-05,135,false
INV-00557,75,caja,2026-04-12,187,true
INV-00558,49,unidad,2026-04-10,18,false
INV-00559,198,litro,2026-05-01,103,false
INV-00560,123,unidad,2026-04-07,83,false
INV-00561,131,kg,2026-03-23,119,false
INV-00562,240,unidad,2026-05-05,101,false
INV-00563,113,pallet,2026-04-10,73,false
INV-00564,405,pallet,2026-04-02,153,false
INV-00565,50,litro,2026-04-24,69,true
INV-00566,166,litro,2026-03-25,71,false
INV-00567,345,pallet,2026-05-03,191,false
INV-00568,84,litro,2026-04-01,101,true
INV-00569,55,litro,2026-03-07,38,false
INV-00570,118,litro,2026-03-21,61,false
INV-00571,388,pallet,2026-05-02,190,false
INV-00572,151,unidad,2026-04-17,81,false
INV-00573,49,caja,2026-04-06,147,true
INV-00574,102,kg,2026-05-01,77,false
INV-00575,210,pallet,2026-03-27,143,false
INV-00576,190,unidad,2026-04-05,200,true
INV-00577,2,pallet,2026-04-06,12,true
INV-00578,73,unidad,2026-03-30,137,true
INV-00579,58,pallet,2026-04-24,83,true
INV-00580,99,litro,2026-05-01,146,true
INV-00581,72,unidad,2026-05-01,168,true
INV-00582,216,caja,2026-04-24,102,false
INV-00583,198,pallet,2026-04-10,70,false
INV-00584,252,kg,2026-04-05,116,false
INV-00585,343,kg,2026-04-28,183,false
INV-00586,32,pallet,2026-04-29,83,true
INV-00587,241,litro,2026-04-07,88,false
INV-00588,319,litro,2026-03-10,160,false
INV-00589,376,kg,2026-03-30,141,false
INV-00590,43,kg,2026-04-24,136,true
INV-00591,28,kg,2026-03-18,52,true
INV-00592,2,litro,2026-04-15,36,true
INV-00593,51,caja,2026-03-20,38,false
INV-00594,368,unidad,2026-04-18,141,false
INV-00595,296,kg,2026-05-03,121,false
INV-00596,21,pallet,2026-03-23,128,true
INV-00597,252,kg,2026-04-04,88,false
INV-00598,221,unidad,2026-04-23,177,false
INV-00599,190,unidad,2026-03-13,119,false
INV-00600,111,pallet,2026-04-30,144,true
INV-00601,71,pallet,2026-03-14,84,true
INV-00602,109,litro,2026-05-01,41,false
INV-00603,13,litro,2026-04-07,24,true
INV-00604,121,caja,2026-03-13,107,false
INV-00605,71,pallet,2026-03-25,43,false
INV-00606,167,unidad,2026-04-06,164,false
INV-00607,351,unidad,2026-04-09,120,false
INV-00608,6,caja,2026-04-02,26,true
INV-00609,52,kg,2026-03-26,140,true
INV-00610,17,pallet,2026-03-28,15,false
INV-00611,56,pallet,2026-03-09,19,false
INV-00612,221,pallet,2026-04-02,77,false
INV-00613,272,litro,2026-04-14,92,false
INV-00614,67,kg,2026-04-14,119,true
INV-00615,76,unidad,2026-04-02,40,false
INV-00616,7,kg,2026-04-11,18,true
INV-00617,135,unidad,2026-04-13,56,false
INV-00618,93,kg,2026-04-24,57,false
INV-00619,111,pallet,2026-03-29,49,false
INV-00620,73,kg,2026-04-14,188,true
INV-00621,134,pallet,2026-03-19,56,false
INV-00622,120,caja,2026-04-24,84,false
INV-00623,247,litro,2026-04-20,135,false
INV-00624,445,litro,2026-03-28,183,false
INV-00625,272,pallet,2026-03-19,137,false
INV-00626,221,caja,2026-03-13,89,false
INV-00627,100,caja,2026-04-21,146,true
INV-00628,207,pallet,2026-04-05,162,false
INV-00629,31,litro,2026-03-11,29,false
INV-00630,207,caja,2026-04-27,198,false
INV-00631,15,kg,2026-04-13,85,true
INV-00632,105,litro,2026-03-28,40,false
INV-00633,21,unidad,2026-03-10,16,false
INV-00634,336,litro,2026-04-06,126,false
INV-00635,313,kg,2026-05-03,152,false
INV-00636,281,caja,2026-04-10,180,false
INV-00637,32,unidad,2026-04-08,176,true
INV-00638,163,kg,2026-03-14,178,true
INV-00639,26,kg,2026-04-29,14,false
INV-00640,139,litro,2026-04-07,49,false
INV-00641,26,unidad,2026-04-18,13,false
INV-00642,41,unidad,2026-04-10,83,true
INV-00643,179,caja,2026-03-15,65,false
INV-00644,113,kg,2026-03-13,60,false
INV-00645,102,caja,2026-03-31,200,true
INV-00646,111,kg,2026-03-31,66,false
INV-00647,21,caja,2026-03-20,106,true
INV-00648,334,caja,2026-04-14,133,false
INV-00649,78,kg,2026-03-31,116,true
INV-00650,128,unidad,2026-04-19,43,false
INV-00651,375,pallet,2026-03-23,200,false
INV-00652,83,litro,2026-04-23,62,false
INV-00653,189,caja,2026-04-06,84,false
INV-00654,34,kg,2026-04-25,164,true
INV-00655,511,caja,2026-03-17,171,false
INV-00656,264,kg,2026-03-11,153,false
INV-00657,260,litro,2026-04-12,181,false
INV-00658,250,kg,2026-03-27,196,false
INV-00659,446,caja,2026-03-17,155,false
INV-00660,252,caja,2026-04-06,158,false
INV-00661,234,kg,2026-03-26,85,false
INV-00662,35,pallet,2026-04-02,18,false
INV-00663,123,kg,2026-03-20,119,false
INV-00664,78,kg,2026-04-10,69,false
INV-00665,39,litro,2026-04-13,108,true
INV-00666,418,litro,2026-04-08,159,false
INV-00667,448,caja,2026-04-23,198,false
INV-00668,5,pallet,2026-04-12,24,true
INV-00669,394,pallet,2026-03-07,201,false
INV-00670,65,pallet,2026-03-08,183,true
INV-00671,70,kg,2026-04-30,105,true
INV-00672,156,caja,2026-04-14,154,false
INV-00673,180,kg,2026-03-15,108,false
INV-00674,25,litro,2026-03-25,32,true
INV-00675,35,pallet,2026-04-03,72,true
INV-00676,404,litro,2026-03-22,162,false
INV-00677,281,unidad,2026-03-20,129,false
INV-00678,3,caja,2026-04-25,169,true
INV-00679,341,litro,2026-03-26,186,false
INV-00680,6,kg,2026-05-04,82,true
INV-00681,359,kg,2026-04-29,142,false
INV-00682,432,unidad,2026-04-09,156,false
INV-00683,259,pallet,2026-04-24,149,false
INV-00684,256,caja,2026-03-21,145,false
INV-00685,76,litro,2026-04-30,151,true
INV-00686,393,caja,2026-04-09,140,false
INV-00687,524,unidad,2026-04-13,195,false
INV-00688,29,caja,2026-05-02,111,true
INV-00689,206,unidad,2026-05-01,120,false
INV-00690,291,caja,2026-03-09,111,false
INV-00691,277,kg,2026-04-17,177,false
INV-00692,371,unidad,2026-04-15,184,false
INV-00693,239,pallet,2026-04-01,92,false
INV-00694,139,caja,2026-03-07,59,false
INV-00695,187,kg,2026-03-09,197,true
INV-00696,338,pallet,2026-03-12,199,false
INV-00697,129,unidad,2026-04-12,115,false
INV-00698,386,kg,2026-04-26,151,false
INV-00699,85,caja,2026-04-26,135,true
INV-00700,105,kg,2026-03-21,50,false
INV-00701,216,pallet,2026-04-29,99,false
INV-00702,66,caja,2026-03-27,49,false
INV-00703,170,unidad,2026-04-30,75,false
INV-00704,335,caja,2026-04-15,198,false
INV-00705,20,kg,2026-04-11,13,false
INV-00706,115,kg,2026-03-12,130,true
INV-00707,49,caja,2026-03-30,20,false
INV-00708,44,litro,2026-04-09,23,false
INV-00709,86,kg,2026-04-04,133,true
INV-00710,191,unidad,2026-04-27,68,false
INV-00711,1,kg,2026-04-23,91,true
INV-00712,385,caja,2026-04-26,170,false
INV-00713,288,kg,2026-03-23,137,false
INV-00714,141,pallet,2026-04-05,67,false
INV-00715,21,caja,2026-04-27,52,true
INV-00716,391,kg,2026-04-07,151,false
INV-00717,110,kg,2026-04-28,57,false
INV-00718,192,pallet,2026-04-17,72,false
INV-00719,57,caja,2026-04-03,42,false
INV-00720,36,unidad,2026-03-10,208,true
INV-00721,66,litro,2026-04-01,163,true
INV-00722,80,litro,2026-03-15,76,false
INV-00723,431,unidad,2026-04-27,150,false
INV-00724,8,litro,2026-04-28,14,true
INV-00725,107,caja,2026-04-09,77,false
INV-00726,37,kg,2026-04-30,52,true
INV-00727,199,caja,2026-03-21,141,false
INV-00728,574,unidad,2026-03-24,207,false
INV-00729,214,caja,2026-04-30,115,false
INV-00730,19,unidad,2026-03-08,132,true
INV-00731,14,litro,2026-04-23,159,true
INV-00732,369,pallet,2026-04-26,165,false
INV-00733,72,kg,2026-04-14,92,true
INV-00734,23,caja,2026-03-10,58,true
INV-00735,351,unidad,2026-04-01,152,false
INV-00736,341,pallet,2026-04-21,199,false
INV-00737,256,litro,2026-03-21,118,false
INV-00738,72,kg,2026-04-18,58,false
INV-00739,170,unidad,2026-03-09,98,false
INV-00740,132,litro,2026-04-10,110,false
INV-00741,556,kg,2026-04-28,191,false
INV-00742,29,kg,2026-03-30,12,false
INV-00743,39,unidad,2026-04-06,176,true
INV-00744,404,litro,2026-04-20,181,false
INV-00745,284,caja,2026-04-19,148,false
INV-00746,49,kg,2026-04-27,34,false
INV-00747,160,kg,2026-04-02,189,true
INV-00748,31,unidad,2026-04-03,115,true
INV-00749,40,unidad,2026-04-03,22,false
INV-00750,225,kg,2026-04-22,166,false
INV-00751,194,litro,2026-05-02,123,false
INV-00752,129,caja,2026-03-29,58,false
INV-00753,174,litro,2026-04-20,74,false
INV-00754,416,pallet,2026-04-08,150,false
INV-00755,86,litro,2026-04-25,46,false
INV-00756,136,pallet,2026-04-09,57,false
INV-00757,27,unidad,2026-03-31,36,true
INV-00758,48,caja,2026-04-30,76,true
INV-00759,190,kg,2026-04-17,175,false
INV-00760,285,unidad,2026-04-26,169,false
INV-00761,74,litro,2026-03-07,41,false
INV-00762,153,pallet,2026-05-02,91,false
INV-00763,189,caja,2026-03-30,179,false
INV-00764,45,caja,2026-03-07,115,true
INV-00765,43,kg,2026-04-01,170,true
INV-00766,143,litro,2026-04-29,96,false
INV-00767,95,caja,2026-05-03,67,false
INV-00768,174,caja,2026-04-24,113,false
INV-00769,158,kg,2026-03-20,66,false
INV-00770,356,pallet,2026-04-04,119,false
INV-00771,235,caja,2026-04-19,168,false
INV-00772,350,caja,2026-04-23,120,false
INV-00773,100,kg,2026-03-27,55,false
INV-00774,361,kg,2026-03-26,181,false
INV-00775,115,unidad,2026-04-10,190,true
INV-00776,187,unidad,2026-04-12,71,false
INV-00777,227,unidad,2026-04-03,174,false
INV-00778,223,kg,2026-03-26,103,false
INV-00779,133,pallet,2026-05-05,52,false
INV-00780,247,kg,2026-03-14,121,false
INV-00781,350,kg,2026-05-03,128,false
INV-00782,107,caja,2026-04-07,60,false
INV-00783,215,litro,2026-03-14,111,false
INV-00784,87,unidad,2026-04-16,33,false
INV-00785,42,kg,2026-04-05,100,true
INV-00786,89,kg,2026-03-18,159,true
INV-00787,263,litro,2026-04-11,150,false
INV-00788,575,litro,2026-04-15,196,false
INV-00789,153,litro,2026-04-03,126,false
INV-00790,243,caja,2026-03-08,177,false
INV-00791,54,pallet,2026-04-28,114,true
INV-00792,17,pallet,2026-03-24,128,true
INV-00793,86,unidad,2026-04-30,195,true
INV-00794,12,kg,2026-04-07,32,true
INV-00795,155,pallet,2026-04-26,92,false
INV-00796,251,caja,2026-04-29,202,false
INV-00797,402,litro,2026-03-17,209,false
INV-00798,90,caja,2026-03-07,76,false
INV-00799,342,kg,2026-04-11,140,false
INV-00800,62,caja,2026-04-01,29,false
INV-00801,260,pallet,2026-04-02,180,false
INV-00802,34,kg,2026-04-25,23,false
INV-00803,2,litro,2026-04-06,11,true
INV-00804,140,caja,2026-03-20,66,false
INV-00805,323,litro,2026-04-26,145,false
INV-00806,102,litro,2026-05-03,62,false
INV-00807,53,kg,2026-03-11,23,false
INV-00808,201,litro,2026-03-22,87,false
INV-00809,53,pallet,2026-03-26,85,true
INV-00810,139,pallet,2026-03-08,79,false
INV-00811,342,kg,2026-04-26,133,false
INV-00812,290,pallet,2026-04-11,133,false
INV-00813,32,pallet,2026-03-08,26,false
INV-00814,163,litro,2026-04-12,81,false
INV-00815,3,kg,2026-05-01,11,true
INV-00816,2,litro,2026-04-15,28,true
INV-00817,151,litro,2026-04-28,101,false
INV-00818,65,pallet,2026-03-23,74,true
INV-00819,466,unidad,2026-04-19,160,false
INV-00820,289,unidad,2026-03-11,150,false
INV-00821,277,kg,2026-05-04,111,false
INV-00822,48,kg,2026-03-11,57,true
INV-00823,23,kg,2026-04-09,98,true
INV-00824,78,litro,2026-03-13,42,false
INV-00825,385,pallet,2026-05-04,148,false
INV-00826,9,pallet,2026-04-09,117,true
INV-00827,236,unidad,2026-04-10,97,false
INV-00828,433,unidad,2026-03-07,150,false
INV-00829,483,kg,2026-03-12,197,false
INV-00830,224,pallet,2026-04-12,154,false
INV-00831,94,pallet,2026-04-22,179,true
INV-00832,107,caja,2026-04-04,202,true
INV-00833,228,unidad,2026-04-19,203,false
INV-00834,234,pallet,2026-04-23,80,false
INV-00835,415,unidad,2026-05-04,207,false
INV-00836,332,pallet,2026-03-29,207,false
INV-00837,92,litro,2026-03-22,150,true
INV-00838,270,caja,2026-03-19,121,false
INV-00839,92,litro,2026-03-13,108,true
INV-00840,224,pallet,2026-03-30,161,false
INV-00841,104,unidad,2026-04-07,62,false
INV-00842,165,pallet,2026-03-28,118,false
INV-00843,402,unidad,2026-03-28,138,false
INV-00844,148,caja,2026-04-26,62,false
INV-00845,224,kg,2026-05-04,99,false
INV-00846,497,unidad,2026-04-07,176,false
INV-00847,35,unidad,2026-04-16,33,false
INV-00848,189,litro,2026-03-22,76,false
INV-00849,42,kg,2026-04-17,24,false
INV-00850,192,caja,2026-03-15,128,false
INV-00851,79,caja,2026-03-24,149,true
INV-00852,30,pallet,2026-04-02,162,true
INV-00853,86,pallet,2026-04-25,34,false
INV-00854,12,litro,2026-03-18,129,true
INV-00855,197,pallet,2026-04-28,72,false
INV-00856,213,pallet,2026-03-16,118,false
INV-00857,446,caja,2026-04-04,178,false
INV-00858,106,caja,2026-03-17,84,false
INV-00859,12,kg,2026-04-04,131,true
INV-00860,271,unidad,2026-04-10,147,false
INV-00861,25,caja,2026-04-03,145,true
INV-00862,78,caja,2026-03-16,34,false
INV-00863,174,kg,2026-05-02,76,false
INV-00864,18,litro,2026-03-22,10,false
INV-00865,42,pallet,2026-03-27,23,false
INV-00866,147,kg,2026-03-11,101,false
INV-00867,308,pallet,2026-05-03,153,false
INV-00868,154,pallet,2026-03-18,114,false
INV-00869,86,pallet,2026-05-03,33,false
INV-00870,120,kg,2026-05-02,156,true
INV-00871,73,caja,2026-03-08,146,true
INV-00872,106,kg,2026-04-25,136,true
INV-00873,98,kg,2026-03-07,61,false
INV-00874,95,unidad,2026-03-29,50,false
INV-00875,62,caja,2026-04-24,27,false
INV-00876,83,litro,2026-04-15,40,false
INV-00877,19,caja,2026-03-25,42,true
INV-00878,396,kg,2026-03-22,188,false
INV-00879,210,kg,2026-04-05,145,false
INV-00880,5,litro,2026-04-25,41,true
INV-00881,12,unidad,2026-04-24,10,false
INV-00882,97,pallet,2026-04-05,113,true
INV-00883,306,litro,2026-04-23,163,false
INV-00884,90,caja,2026-05-01,148,true
INV-00885,51,litro,2026-04-09,66,true
INV-00886,13,kg,2026-04-07,36,true
INV-00887,334,pallet,2026-04-25,124,false
INV-00888,93,caja,2026-03-27,34,false
INV-00889,11,kg,2026-03-28,13,true
INV-00890,321,kg,2026-03-18,207,false
INV-00891,4,caja,2026-03-30,12,true
INV-00892,71,kg,2026-04-19,62,false
INV-00893,22,pallet,2026-04-14,43,true
INV-00894,54,pallet,2026-03-12,33,false
INV-00895,243,unidad,2026-05-01,192,false
INV-00896,143,kg,2026-03-31,75,false
INV-00897,88,caja,2026-04-01,195,true
INV-00898,114,caja,2026-04-24,107,false
INV-00899,43,unidad,2026-04-20,160,true
INV-00900,87,pallet,2026-03-15,66,false
INV-00901,252,litro,2026-03-16,91,false
INV-00902,96,kg,2026-03-30,37,false
INV-00903,63,litro,2026-04-06,160,true
INV-00904,130,litro,2026-03-23,200,true
INV-00905,17,unidad,2026-03-15,21,true
INV-00906,118,pallet,2026-04-13,70,false
INV-00907,249,kg,2026-04-03,92,false
INV-00908,348,litro,2026-03-17,153,false
INV-00909,321,unidad,2026-03-14,126,false
INV-00910,361,unidad,2026-03-29,206,false
INV-00911,215,pallet,2026-03-21,135,false
INV-00912,86,litro,2026-04-01,201,true
INV-00913,258,pallet,2026-04-03,107,false
INV-00914,59,litro,2026-04-26,27,false
INV-00915,146,kg,2026-03-13,52,false
INV-00916,15,caja,2026-03-25,32,true
INV-00917,103,kg,2026-03-19,52,false
INV-00918,107,pallet,2026-04-29,92,false
INV-00919,17,unidad,2026-04-14,64,true
INV-00920,370,litro,2026-03-24,125,false
INV-00921,229,litro,2026-04-29,162,false
INV-00922,302,litro,2026-04-30,115,false
INV-00923,130,caja,2026-05-05,46,false
INV-00924,38,litro,2026-03-15,22,false
INV-00925,85,unidad,2026-04-19,66,false
INV-00926,42,pallet,2026-04-10,18,false
INV-00927,151,kg,2026-04-09,88,false
INV-00928,80,litro,2026-04-14,39,false
INV-00929,38,pallet,2026-04-09,191,true
INV-00930,137,caja,2026-03-23,63,false
INV-00931,209,pallet,2026-03-10,194,false
INV-00932,77,unidad,2026-03-12,60,false
INV-00933,73,unidad,2026-04-30,191,true
INV-00934,415,caja,2026-03-29,206,false
INV-00935,102,caja,2026-03-18,60,false
INV-00936,40,unidad,2026-03-07,81,true
INV-00937,97,litro,2026-04-26,72,false
INV-00938,181,unidad,2026-04-19,63,false
INV-00939,57,unidad,2026-03-25,159,true
INV-00940,26,pallet,2026-03-15,69,true
INV-00941,85,kg,2026-03-19,42,false
INV-00942,22,kg,2026-04-06,38,true
INV-00943,44,litro,2026-04-12,88,true
INV-00944,142,caja,2026-03-15,187,true
INV-00945,211,pallet,2026-04-01,95,false
INV-00946,105,caja,2026-04-17,158,true
INV-00947,34,kg,2026-04-19,104,true
INV-00948,221,unidad,2026-03-20,160,false
INV-00949,43,caja,2026-04-29,17,false
INV-00950,44,caja,2026-04-10,111,true
INV-00951,42,litro,2026-03-19,107,true
INV-00952,89,litro,2026-03-31,82,false
INV-00953,61,pallet,2026-03-09,50,false
INV-00954,146,litro,2026-04-22,152,true
INV-00955,65,caja,2026-03-18,37,false
INV-00956,49,litro,2026-03-09,27,false
INV-00957,277,kg,2026-04-17,181,false
INV-00958,403,kg,2026-04-12,185,false
INV-00959,166,pallet,2026-04-29,105,false
INV-00960,238,unidad,2026-04-16,101,false
INV-00961,80,caja,2026-03-07,115,true
INV-00962,303,unidad,2026-05-02,174,false
INV-00963,354,kg,2026-03-16,144,false
INV-00964,114,unidad,2026-03-12,86,false
INV-00965,17,caja,2026-05-01,155,true
INV-00966,33,pallet,2026-04-01,71,true
INV-00967,11,kg,2026-04-03,170,true
INV-00968,140,unidad,2026-04-07,186,true
INV-00969,231,kg,2026-03-21,204,false
INV-00970,168,litro,2026-04-13,121,false
INV-00971,62,pallet,2026-03-12,29,false
INV-00972,289,unidad,2026-04-07,181,false
INV-00973,130,caja,2026-04-17,97,false
INV-00974,496,litro,2026-04-12,166,false
INV-00975,9,litro,2026-03-25,65,true
INV-00976,224,caja,2026-03-19,111,false
INV-00977,156,litro,2026-03-19,80,false
INV-00978,79,pallet,2026-04-22,107,true
INV-00979,64,unidad,2026-04-13,105,true
INV-00980,26,litro,2026-04-05,10,false
INV-00981,126,caja,2026-03-16,58,false
INV-00982,119,pallet,2026-04-04,71,false
INV-00983,122,pallet,2026-04-11,172,true
INV-00984,96,kg,2026-03-29,84,false
INV-00985,103,pallet,2026-03-12,74,false
INV-00986,270,unidad,2026-03-12,166,false
INV-00987,31,caja,2026-03-28,14,false
INV-00988,10,caja,2026-04-13,101,true
INV-00989,40,caja,2026-03-07,104,true
INV-00990,415,litro,2026-04-23,197,false
INV-00991,119,kg,2026-03-20,142,true
INV-00992,72,caja,2026-04-25,91,true
INV-00993,8,caja,2026-04-18,50,true
INV-00994,243,pallet,2026-03-09,192,false
INV-00995,328,pallet,2026-03-10,134,false
INV-00996,244,litro,2026-04-17,97,false
INV-00997,106,caja,2026-04-10,52,false
INV-00998,59,unidad,2026-03-08,128,true
INV-00999,176,litro,2026-04-03,61,false
INV-01000,473,litro,2026-04-24,201,false
INV-01001,465,litro,2026-04-13,160,false
INV-01002,266,caja,2026-03-18,126,false
INV-01003,78,pallet,2026-05-04,134,true
INV-01004,293,caja,2026-03-17,109,false
INV-01005,85,kg,2026-03-29,49,false
INV-01006,27,unidad,2026-04-20,178,true
INV-01007,332,kg,2026-04-25,143,false
INV-01008,88,litro,2026-04-17,196,true
INV-01009,102,litro,2026-04-23,118,true
INV-01010,11,unidad,2026-04-06,187,true
INV-01011,46,caja,2026-04-13,57,true
INV-01012,174,unidad,2026-04-22,115,false
INV-01013,291,kg,2026-05-04,140,false
INV-01014,171,caja,2026-03-25,149,false
INV-01015,158,pallet,2026-03-28,150,false
INV-01016,111,litro,2026-04-19,169,true
INV-01017,66,kg,2026-04-11,91,true
INV-01018,576,litro,2026-03-24,199,false
INV-01019,10,pallet,2026-04-20,12,true
INV-01020,43,litro,2026-03-11,118,true
INV-01021,364,kg,2026-04-27,188,false
INV-01022,2,caja,2026-03-29,68,true
INV-01023,115,litro,2026-04-13,167,true
INV-01024,30,litro,2026-04-25,14,false
INV-01025,274,caja,2026-04-19,103,false
INV-01026,498,litro,2026-03-13,195,false
INV-01027,34,kg,2026-03-17,48,true
INV-01028,222,pallet,2026-05-03,170,false
INV-01029,2,caja,2026-04-23,18,true
INV-01030,10,caja,2026-03-09,133,true
INV-01031,102,pallet,2026-03-30,131,true
INV-01032,136,kg,2026-03-10,74,false
INV-01033,312,caja,2026-03-21,124,false
INV-01034,383,litro,2026-03-22,161,false
INV-01035,65,litro,2026-05-03,100,true
INV-01036,354,caja,2026-04-09,131,false
INV-01037,7,unidad,2026-03-22,45,true
INV-01038,0,kg,2026-03-11,15,true
INV-01039,27,pallet,2026-04-08,44,true
INV-01040,14,unidad,2026-03-30,16,true
INV-01041,23,unidad,2026-05-04,189,true
INV-01042,212,pallet,2026-04-03,206,false
INV-01043,45,caja,2026-04-10,184,true
INV-01044,1,unidad,2026-03-07,29,true
INV-01045,18,pallet,2026-04-28,171,true
INV-01046,83,kg,2026-04-15,119,true
INV-01047,14,caja,2026-05-05,11,false
INV-01048,337,pallet,2026-04-26,185,false
INV-01049,3,caja,2026-03-29,54,true
INV-01050,10,litro,2026-03-16,14,true
INV-01051,5,litro,2026-04-19,30,true
INV-01052,100,pallet,2026-04-07,38,false
INV-01053,178,pallet,2026-03-27,61,false
INV-01054,292,kg,2026-03-12,184,false
INV-01055,427,caja,2026-03-20,168,false
INV-01056,147,kg,2026-04-21,65,false
INV-01057,409,pallet,2026-04-12,161,false
INV-01058,608,pallet,2026-03-08,205,false
INV-01059,101,caja,2026-04-21,65,false
INV-01060,251,pallet,2026-03-08,129,false
INV-01061,216,litro,2026-03-29,180,false
INV-01062,458,pallet,2026-04-15,177,false
INV-01063,320,kg,2026-03-25,130,false
INV-01064,531,litro,2026-04-03,199,false
INV-01065,49,caja,2026-04-21,72,true
INV-01066,128,kg,2026-03-21,68,false
INV-01067,486,unidad,2026-04-22,190,false
INV-01068,231,caja,2026-04-07,193,false
INV-01069,86,pallet,2026-04-11,108,true
INV-01070,362,unidad,2026-03-08,127,false
INV-01071,338,caja,2026-04-19,145,false
INV-01072,73,unidad,2026-04-11,56,false
INV-01073,14,unidad,2026-03-23,32,true
INV-01074,95,caja,2026-04-21,34,false
INV-01075,101,pallet,2026-03-09,44,false
INV-01076,232,kg,2026-05-03,79,false
INV-01077,26,litro,2026-03-31,74,true
INV-01078,48,litro,2026-04-28,56,true
INV-01079,69,kg,2026-03-11,39,false
INV-01080,197,caja,2026-03-23,165,false
INV-01081,2,unidad,2026-04-06,24,true
INV-01082,3,litro,2026-03-14,121,true
INV-01083,341,kg,2026-04-23,117,false
INV-01084,193,unidad,2026-03-10,98,false
INV-01085,90,caja,2026-04-12,205,true
INV-01086,74,caja,2026-03-11,64,false
INV-01087,52,litro,2026-04-01,78,true
INV-01088,208,unidad,2026-03-23,207,false
INV-01089,164,kg,2026-04-30,86,false
INV-01090,119,litro,2026-04-11,60,false
INV-01091,29,unidad,2026-03-30,14,false
INV-01092,178,litro,2026-03-15,118,false
INV-01093,462,unidad,2026-04-15,155,false
INV-01094,12,litro,2026-03-22,17,true
INV-01095,213,kg,2026-03-31,179,false
INV-01096,110,pallet,2026-04-15,169,true
INV-01097,24,unidad,2026-03-08,23,false
INV-01098,58,unidad,2026-03-29,67,true
INV-01099,395,pallet,2026-04-11,177,false
INV-01100,189,litro,2026-04-26,66,false
INV-01101,99,kg,2026-03-20,193,true
INV-01102,302,kg,2026-04-30,113,false
INV-01103,54,kg,2026-04-09,198,true
INV-01104,160,unidad,2026-03-19,66,false
INV-01105,25,litro,2026-04-21,25,false
INV-01106,112,unidad,2026-04-07,44,false
INV-01107,86,caja,2026-03-18,159,true
INV-01108,263,unidad,2026-04-25,177,false
INV-01109,23,litro,2026-03-17,25,true
INV-01110,56,unidad,2026-03-17,106,true
INV-01111,70,pallet,2026-04-12,184,true
INV-01112,115,litro,2026-03-12,99,false
INV-01113,70,unidad,2026-04-21,55,false
INV-01114,203,pallet,2026-04-17,196,false
INV-01115,66,kg,2026-04-12,155,true
INV-01116,36,pallet,2026-04-10,79,true
INV-01117,61,caja,2026-03-29,101,true
INV-01118,98,caja,2026-04-25,50,false
INV-01119,166,kg,2026-04-01,128,false
INV-01120,300,pallet,2026-04-08,163,false
INV-01121,214,pallet,2026-04-19,103,false
INV-01122,36,pallet,2026-03-29,160,true
INV-01123,132,kg,2026-04-21,79,false
INV-01124,56,kg,2026-03-22,46,false
INV-01125,13,pallet,2026-04-08,70,true
INV-01126,14,caja,2026-05-01,33,true
INV-01127,85,kg,2026-04-13,94,true
INV-01128,368,kg,2026-04-30,152,false
INV-01129,242,unidad,2026-03-10,100,false
INV-01130,211,litro,2026-04-06,207,false
INV-01131,76,kg,2026-04-15,175,true
INV-01132,2,caja,2026-03-31,28,true
INV-01133,136,litro,2026-04-04,51,false
INV-01134,25,litro,2026-03-07,127,true
INV-01135,56,unidad,2026-04-26,148,true
INV-01136,190,unidad,2026-04-09,100,false
INV-01137,497,unidad,2026-03-07,172,false
INV-01138,49,unidad,2026-04-07,25,false
INV-01139,149,kg,2026-03-17,74,false
INV-01140,261,kg,2026-03-15,181,false
INV-01141,138,caja,2026-04-04,89,false
INV-01142,107,kg,2026-05-05,143,true
INV-01143,313,unidad,2026-03-11,118,false
INV-01144,127,litro,2026-05-02,75,false
INV-01145,84,pallet,2026-04-13,53,false
INV-01146,183,litro,2026-04-04,69,false
INV-01147,351,kg,2026-03-08,154,false
INV-01148,36,pallet,2026-04-14,107,true
INV-01149,269,pallet,2026-03-10,188,false
INV-01150,8,kg,2026-03-28,19,true
INV-01151,10,litro,2026-04-11,24,true
INV-01152,84,kg,2026-04-09,98,true
INV-01153,282,unidad,2026-03-23,97,false
INV-01154,30,caja,2026-04-14,26,false
INV-01155,240,kg,2026-03-17,145,false
INV-01156,204,kg,2026-03-23,119,false
INV-01157,55,caja,2026-03-18,36,false
INV-01158,96,pallet,2026-04-04,96,false
INV-01159,195,unidad,2026-04-14,115,false
INV-01160,86,caja,2026-04-01,165,true
INV-01161,150,litro,2026-03-13,84,false
INV-01162,82,kg,2026-05-04,143,true
INV-01163,64,litro,2026-04-11,27,false
INV-01164,41,kg,2026-04-30,60,true
INV-01165,156,caja,2026-04-11,57,false
INV-01166,245,caja,2026-03-10,110,false
INV-01167,350,caja,2026-03-29,145,false
INV-01168,124,unidad,2026-03-26,60,false
INV-01169,80,pallet,2026-04-02,119,true
INV-01170,53,litro,2026-03-13,32,false
INV-01171,382,pallet,2026-04-07,162,false
INV-01172,251,caja,2026-04-27,110,false
INV-01173,246,unidad,2026-03-20,179,false
INV-01174,56,litro,2026-03-21,80,true
INV-01175,175,litro,2026-04-01,152,false
INV-01176,107,litro,2026-04-01,67,false
INV-01177,143,pallet,2026-03-20,117,false
INV-01178,104,caja,2026-04-16,69,false
INV-01179,184,pallet,2026-03-27,73,false
INV-01180,70,pallet,2026-04-12,51,false
INV-01181,399,kg,2026-04-14,147,false
INV-01182,150,litro,2026-04-03,128,false
INV-01183,416,kg,2026-04-23,147,false
INV-01184,381,kg,2026-05-02,141,false
INV-01185,238,litro,2026-04-26,91,false
INV-01186,108,litro,2026-03-11,54,false
INV-01187,113,pallet,2026-04-03,39,false
INV-01188,285,pallet,2026-04-13,101,false
INV-01189,418,litro,2026-05-04,190,false
INV-01190,173,unidad,2026-05-02,82,false
INV-01191,164,pallet,2026-04-03,85,false
INV-01192,82,unidad,2026-03-07,151,true
INV-01193,157,pallet,2026-03-09,95,false
INV-01194,187,litro,2026-04-20,191,true
INV-01195,21,unidad,2026-03-22,116,true
INV-01196,503,unidad,2026-05-04,194,false
INV-01197,140,litro,2026-03-15,48,false
INV-01198,215,caja,2026-04-15,111,false
INV-01199,103,unidad,2026-04-29,191,true
INV-01200,218,unidad,2026-04-14,135,false
INV-01201,184,kg,2026-03-13,65,false
INV-01202,270,pallet,2026-04-27,92,false
INV-01203,76,unidad,2026-03-08,113,true
INV-01204,43,litro,2026-04-13,104,true
INV-01205,241,pallet,2026-04-06,135,false
INV-01206,41,litro,2026-03-18,15,false
INV-01207,28,caja,2026-03-28,43,true
INV-01208,187,unidad,2026-04-29,110,false
INV-01209,77,unidad,2026-03-23,129,true
INV-01210,280,caja,2026-04-04,138,false
INV-01211,99,pallet,2026-03-29,76,false
INV-01212,93,litro,2026-04-11,184,true
INV-01213,37,kg,2026-04-14,101,true
INV-01214,67,litro,2026-03-27,52,false
INV-01215,70,pallet,2026-03-13,36,false
INV-01216,28,unidad,2026-03-09,15,false
INV-01217,284,caja,2026-03-24,99,false
INV-01218,137,kg,2026-04-27,109,false
INV-01219,136,litro,2026-04-09,47,false
INV-01220,200,kg,2026-04-03,73,false
INV-01221,231,litro,2026-03-24,106,false
INV-01222,83,litro,2026-03-26,54,false
INV-01223,77,kg,2026-04-28,43,false
INV-01224,60,caja,2026-04-20,28,false
INV-01225,252,unidad,2026-04-17,93,false
INV-01226,334,pallet,2026-03-25,151,false
INV-01227,156,pallet,2026-03-13,82,false
INV-01228,373,caja,2026-04-18,195,false
INV-01229,73,unidad,2026-04-14,113,true
INV-01230,3,unidad,2026-04-21,68,true
INV-01231,254,caja,2026-04-14,123,false
INV-01232,133,caja,2026-04-19,180,true
INV-01233,183,caja,2026-04-15,74,false
INV-01234,175,litro,2026-04-27,197,true
INV-01235,46,unidad,2026-04-06,104,true
INV-01236,32,caja,2026-03-28,115,true
INV-01237,359,litro,2026-04-07,127,false
INV-01238,59,unidad,2026-04-24,26,false
INV-01239,189,kg,2026-05-05,98,false
INV-01240,39,litro,2026-03-22,16,false
INV-01241,134,unidad,2026-03-26,109,false
INV-01242,626,kg,2026-03-29,209,false
INV-01243,179,kg,2026-05-05,132,false
INV-01244,202,kg,2026-04-27,85,false
INV-01245,91,pallet,2026-04-30,68,false
INV-01246,40,unidad,2026-04-21,71,true
INV-01247,87,litro,2026-05-01,41,false
INV-01248,2,unidad,2026-03-22,39,true
INV-01249,105,pallet,2026-03-19,207,true
INV-01250,147,kg,2026-04-18,156,true
INV-01251,221,litro,2026-04-11,198,false
INV-01252,308,unidad,2026-04-28,177,false
INV-01253,273,kg,2026-03-07,193,false
INV-01254,231,pallet,2026-03-28,96,false
INV-01255,51,unidad,2026-03-15,130,true
INV-01256,131,caja,2026-04-06,54,false
INV-01257,48,pallet,2026-04-29,198,true
INV-01258,20,litro,2026-03-26,33,true
INV-01259,377,pallet,2026-05-04,188,false
INV-01260,36,unidad,2026-04-13,180,true
INV-01261,81,kg,2026-03-21,171,true
INV-01262,397,pallet,2026-04-05,160,false
INV-01263,161,caja,2026-03-12,169,true
INV-01264,357,unidad,2026-05-01,153,false
INV-01265,62,unidad,2026-05-04,66,true
INV-01266,38,caja,2026-05-04,50,true
INV-01267,66,caja,2026-03-17,117,true
INV-01268,351,litro,2026-04-12,118,false
INV-01269,71,litro,2026-03-23,142,true
INV-01270,15,unidad,2026-04-23,114,true
INV-01271,220,kg,2026-03-11,162,false
INV-01272,478,litro,2026-04-06,183,false
INV-01273,167,kg,2026-03-20,122,false
INV-01274,516,pallet,2026-03-22,203,false
INV-01275,218,unidad,2026-04-15,102,false
INV-01276,296,kg,2026-04-24,139,false
INV-01277,95,caja,2026-04-26,209,true
INV-01278,277,pallet,2026-03-20,105,false
INV-01279,33,unidad,2026-04-28,46,true
INV-01280,76,caja,2026-04-19,187,true
INV-01281,296,kg,2026-03-07,125,false
INV-01282,9,litro,2026-04-30,51,true
INV-01283,41,caja,2026-03-16,64,true
INV-01284,54,litro,2026-03-15,44,false
INV-01285,63,caja,2026-05-03,44,false
INV-01286,239,kg,2026-03-17,162,false
INV-01287,268,kg,2026-03-23,200,false
INV-01288,81,pallet,2026-04-30,43,false
INV-01289,123,pallet,2026-03-17,143,true
INV-01290,374,caja,2026-04-26,186,false
INV-01291,495,caja,2026-03-11,208,false
INV-01292,17,kg,2026-04-16,55,true
INV-01293,190,pallet,2026-04-22,87,false
INV-01294,25,litro,2026-03-07,23,false
INV-01295,123,kg,2026-03-21,192,true
INV-01296,5,litro,2026-03-19,35,true
INV-01297,69,pallet,2026-04-24,78,true
INV-01298,407,kg,2026-04-05,136,false
INV-01299,209,caja,2026-03-16,167,false
INV-01300,32,unidad,2026-04-08,85,true
INV-01301,309,unidad,2026-04-04,162,false
INV-01302,376,kg,2026-03-07,157,false
INV-01303,57,unidad,2026-04-02,36,false
INV-01304,255,caja,2026-04-01,174,false
INV-01305,179,pallet,2026-03-19,137,false
INV-01306,232,caja,2026-04-10,107,false
INV-01307,8,caja,2026-04-02,160,true
INV-01308,162,caja,2026-03-11,75,false
INV-01309,119,kg,2026-04-12,69,false
INV-01310,98,unidad,2026-03-29,141,true
INV-01311,71,caja,2026-03-26,48,false
INV-01312,2,kg,2026-04-13,33,true
INV-01313,184,caja,2026-03-20,62,false
INV-01314,367,litro,2026-03-09,147,false
INV-01315,474,litro,2026-03-13,205,false
INV-01316,88,unidad,2026-04-07,175,true
INV-01317,173,unidad,2026-03-07,184,true
INV-01318,535,kg,2026-03-22,200,false
INV-01319,222,pallet,2026-03-20,93,false
INV-01320,41,unidad,2026-03-31,21,false
INV-01321,447,litro,2026-04-21,187,false
INV-01322,291,litro,2026-04-02,127,false
INV-01323,451,kg,2026-03-19,208,false
INV-01324,210,litro,2026-03-21,135,false
INV-01325,332,pallet,2026-05-01,145,false
INV-01326,345,litro,2026-04-24,168,false
INV-01327,79,kg,2026-04-07,108,true
INV-01328,193,kg,2026-04-19,139,false
INV-01329,42,unidad,2026-05-02,51,true
INV-01330,55,caja,2026-03-18,146,true
INV-01331,62,caja,2026-04-07,208,true
INV-01332,141,pallet,2026-03-24,73,false
INV-01333,110,unidad,2026-04-06,81,false
INV-01334,285,kg,2026-04-09,104,false
INV-01335,212,unidad,2026-03-08,114,false
INV-01336,147,pallet,2026-04-19,125,false
INV-01337,166,pallet,2026-04-27,98,false
INV-01338,3,kg,2026-04-27,33,true
INV-01339,80,caja,2026-04-26,104,true
INV-01340,89,pallet,2026-04-13,106,true
INV-01341,250,litro,2026-03-18,104,false
INV-01342,82,kg,2026-03-30,85,true
INV-01343,25,litro,2026-04-29,43,true
INV-01344,18,caja,2026-03-24,31,true
INV-01345,56,unidad,2026-04-09,24,false
INV-01346,105,unidad,2026-04-18,41,false
INV-01347,42,litro,2026-04-04,33,false
INV-01348,289,unidad,2026-04-12,136,false
INV-01349,5,litro,2026-03-27,41,true
INV-01350,8,kg,2026-04-10,73,true
INV-01351,108,pallet,2026-03-10,178,true
INV-01352,354,kg,2026-04-01,136,false
INV-01353,61,unidad,2026-04-27,37,false
INV-01354,176,unidad,2026-04-23,120,false
INV-01355,353,unidad,2026-04-26,123,false
INV-01356,55,kg,2026-04-14,194,true
INV-01357,195,kg,2026-04-11,78,false
INV-01358,372,kg,2026-04-03,126,false
INV-01359,50,litro,2026-05-04,24,false
INV-01360,152,caja,2026-04-08,67,false
INV-01361,110,caja,2026-04-04,41,false
INV-01362,116,litro,2026-03-20,201,true
INV-01363,39,litro,2026-03-30,105,true
INV-01364,75,caja,2026-05-01,151,true
INV-01365,7,unidad,2026-04-12,19,true
INV-01366,24,litro,2026-04-07,199,true
INV-01367,321,unidad,2026-04-23,132,false
INV-01368,87,litro,2026-04-29,52,false
INV-01369,169,caja,2026-03-24,164,false
INV-01370,335,litro,2026-03-15,126,false
INV-01371,272,unidad,2026-04-18,198,false
INV-01372,21,caja,2026-04-17,86,true
INV-01373,471,kg,2026-04-07,160,false
INV-01374,396,kg,2026-03-08,163,false
INV-01375,322,kg,2026-04-26,127,false
INV-01376,40,unidad,2026-04-19,16,false
INV-01377,281,litro,2026-04-21,175,false
INV-01378,119,kg,2026-04-09,102,false
INV-01379,236,litro,2026-03-15,200,false
INV-01380,222,litro,2026-03-26,153,false
INV-01381,286,kg,2026-05-01,121,false
INV-01382,72,kg,2026-03-13,76,true
INV-01383,133,litro,2026-04-30,187,true
INV-01384,87,litro,2026-04-28,52,false
INV-01385,23,kg,2026-03-10,165,true
INV-01386,35,caja,2026-03-31,48,true
INV-01387,73,litro,2026-04-21,29,false
INV-01388,84,pallet,2026-05-05,112,true
INV-01389,115,unidad,2026-04-10,139,true
INV-01390,85,caja,2026-03-28,66,false
INV-01391,299,pallet,2026-04-11,107,false
INV-01392,75,litro,2026-04-27,144,true
INV-01393,359,unidad,2026-03-14,174,false
INV-01394,467,litro,2026-03-26,163,false
INV-01395,494,caja,2026-04-04,193,false
INV-01396,55,pallet,2026-03-23,37,false
INV-01397,32,pallet,2026-03-30,65,true
INV-01398,15,kg,2026-03-16,91,true
INV-01399,98,unidad,2026-04-08,59,false
INV-01400,122,unidad,2026-05-04,46,false
INV-01401,181,pallet,2026-03-13,94,false
INV-01402,146,pallet,2026-04-09,157,true
INV-01403,131,caja,2026-05-01,98,false
INV-01404,13,kg,2026-04-23,21,true
INV-01405,28,caja,2026-05-05,12,false
INV-01406,236,pallet,2026-04-07,187,false
INV-01407,76,pallet,2026-04-03,34,false
INV-01408,212,pallet,2026-03-28,142,false
INV-01409,56,unidad,2026-04-23,131,true
INV-01410,208,unidad,2026-04-27,70,false
INV-01411,182,unidad,2026-04-23,70,false
INV-01412,88,caja,2026-05-03,151,true
INV-01413,154,caja,2026-05-03,174,true
INV-01414,126,kg,2026-03-19,89,false
INV-01415,102,pallet,2026-04-13,81,false
INV-01416,407,unidad,2026-04-17,193,false
INV-01417,26,unidad,2026-03-07,56,true
INV-01418,86,caja,2026-04-17,104,true
INV-01419,116,unidad,2026-04-06,123,true
INV-01420,52,unidad,2026-03-17,70,true
INV-01421,3,caja,2026-03-14,13,true
INV-01422,114,kg,2026-03-09,98,false
INV-01423,168,litro,2026-04-28,71,false
INV-01424,47,caja,2026-03-24,128,true
INV-01425,85,pallet,2026-04-18,102,true
INV-01426,34,unidad,2026-03-13,136,true
INV-01427,45,litro,2026-03-15,29,false
INV-01428,441,unidad,2026-03-24,199,false
INV-01429,3,litro,2026-04-24,99,true
INV-01430,15,unidad,2026-03-19,201,true
INV-01431,19,caja,2026-04-11,31,true
INV-01432,287,litro,2026-04-26,187,false
INV-01433,166,kg,2026-04-13,127,false
INV-01434,72,pallet,2026-03-09,167,true
INV-01435,186,caja,2026-03-22,126,false
INV-01436,125,unidad,2026-04-19,138,true
INV-01437,46,pallet,2026-04-06,21,false
INV-01438,10,unidad,2026-04-04,26,true
INV-01439,27,pallet,2026-04-15,28,true
INV-01440,319,litro,2026-04-26,190,false
INV-01441,277,caja,2026-03-28,138,false
INV-01442,33,caja,2026-04-22,66,true
INV-01443,95,pallet,2026-03-12,113,true
INV-01444,164,kg,2026-05-05,73,false
INV-01445,26,pallet,2026-03-24,21,false
INV-01446,309,litro,2026-03-30,128,false
INV-01447,65,pallet,2026-04-29,25,false
INV-01448,91,kg,2026-04-14,66,false
INV-01449,315,kg,2026-04-16,150,false
INV-01450,227,pallet,2026-03-24,143,false
INV-01451,22,pallet,2026-03-20,20,false
INV-01452,180,litro,2026-04-25,65,false
INV-01453,60,unidad,2026-04-05,169,true
INV-01454,153,caja,2026-04-20,96,false
INV-01455,40,caja,2026-03-27,175,true
INV-01456,198,litro,2026-03-14,147,false
INV-01457,469,kg,2026-04-14,186,false
INV-01458,46,pallet,2026-04-03,181,true
INV-01459,59,litro,2026-04-03,62,true
INV-01460,174,caja,2026-04-05,148,false
INV-01461,269,caja,2026-04-13,100,false
INV-01462,90,pallet,2026-03-19,80,false
INV-01463,170,kg,2026-03-08,87,false
INV-01464,190,pallet,2026-03-25,203,true
INV-01465,27,litro,2026-04-08,34,true
INV-01466,72,kg,2026-03-20,108,true
INV-01467,53,litro,2026-04-23,181,true
INV-01468,239,pallet,2026-04-26,110,false
INV-01469,9,litro,2026-03-23,49,true
INV-01470,135,caja,2026-04-09,55,false
INV-01471,6,litro,2026-05-05,133,true
INV-01472,70,unidad,2026-04-14,46,false
INV-01473,104,pallet,2026-03-11,82,false
INV-01474,226,kg,2026-03-17,106,false
INV-01475,154,pallet,2026-04-16,97,false
INV-01476,355,pallet,2026-04-09,158,false
INV-01477,1,caja,2026-03-27,33,true
INV-01478,251,caja,2026-03-27,95,false
INV-01479,201,pallet,2026-03-21,130,false
INV-01480,163,kg,2026-04-08,98,false
INV-01481,84,unidad,2026-03-30,82,false
INV-01482,32,litro,2026-03-24,83,true
INV-01483,205,kg,2026-04-30,70,false
INV-01484,107,pallet,2026-04-18,47,false
INV-01485,52,pallet,2026-04-09,112,true
INV-01486,53,caja,2026-03-18,25,false
INV-01487,131,caja,2026-04-28,117,false
INV-01488,39,unidad,2026-03-07,196,true
INV-01489,89,caja,2026-03-18,62,false
INV-01490,14,litro,2026-03-07,123,true
INV-01491,5,litro,2026-04-10,109,true
INV-01492,29,kg,2026-04-15,114,true
INV-01493,28,litro,2026-04-04,11,false
INV-01494,26,unidad,2026-05-01,202,true
INV-01495,62,pallet,2026-03-09,37,false
INV-01496,127,pallet,2026-04-02,96,false
INV-01497,424,pallet,2026-03-12,151,false
INV-01498,440,unidad,2026-04-24,150,false
INV-01499,263,unidad,2026-03-30,119,false
INV-01500,131,pallet,2026-04-02,51,false