numero_orden,fecha_emision,fecha_entrega,total,estado,prioridad
ORD-000001,2026-03-19,2026-03-30,7957.97,pendiente,alta
ORD-000002,2026-04-12,2026-05-03,9578.62,activa,baja
ORD-000003,2026-04-05,2026-04-27,4581.32,activa,media
ORD-000004,2026-02-23,2026-03-14,8449.03,pendiente,alta
ORD-000005,2026-03-22,2026-04-09,7015.37,en_ruta,baja
ORD-000006,2026-03-19,2026-04-05,6613.69,en_ruta,media
ORD-000007,2026-04-18,2026-04-23,5235.71,en_ruta,media
ORD-000008,2026-02-23,2026-03-14,8906.97,activa,media
ORD-000009,2026-03-18,2026-03-30,3850.94,activa,baja
ORD-000010,2026-02-27,2026-03-18,9479.53,entregada,media
ORD-000011,2026-04-06,2026-04-10,2711.7,cancelada,baja
ORD-000012,2026-04-09,2026-04-15,3557.46,activa,media
ORD-000013,2026-03-23,2026-04-01,5744.51,en_ruta,media
ORD-000014,2026-03-16,2026-04-03,9391.66,cancelada,media
ORD-000015,2026-04-16,2026-05-01,8535.36,entregada,alta
ORD-000016,2026-03-14,2026-03-26,4677.5,activa,media
ORD-000017,2026-04-20,2026-05-12,1098.52,activa,media
ORD-000018,2026-04-20,2026-04-30,9278.87,entregada,baja
ORD-000019,2026-03-11,2026-03-26,4269.34,en_ruta,alta
ORD-000020,2026-04-23,2026-04-27,8848.05,activa,media
ORD-000021,2026-03-15,2026-03-26,3643.68,entregada,media
ORD-000022,2026-03-03,2026-03-17,5215.83,entregada,media
ORD-000023,2026-02-28,2026-03-22,9080.12,pendiente,alta
ORD-000024,2026-02-26,2026-03-12,8103.8,entregada,media
ORD-000025,2026-03-11,2026-03-19,3362.4,pendiente,media
ORD-000026,2026-03-06,2026-03-13,4787.13,activa,alta
ORD-000027,2026-04-01,2026-04-23,6295.54,pendiente,media
ORD-000028,2026-04-19,2026-05-05,5882.02,en_ruta,media
ORD-000029,2026-02-26,2026-03-04,5737.83,cancelada,alta
ORD-000030,2026-04-17,2026-04-21,6529.4,entregada,baja
ORD-000031,2026-04-23,2026-04-28,348.9,cancelada,media
ORD-000032,2026-03-28,2026-04-19,2308.62,activa,media
ORD-000033,2026-04-10,2026-04-16,3210.74,entregada,alta
ORD-000034,2026-03-29,2026-04-17,6513.58,pendiente,alta
ORD-000035,2026-04-02,2026-04-09,9290.8,en_ruta,baja
ORD-000036,2026-02-27,2026-03-14,4191.87,activa,baja
ORD-000037,2026-02-25,2026-03-16,7056.08,en_ruta,baja
ORD-000038,2026-03-15,2026-03-30,4515.21,entregada,alta
ORD-000039,2026-04-03,2026-04-17,2910,activa,baja
ORD-000040,2026-04-13,2026-05-03,8867.25,pendiente,alta
ORD-000041,2026-04-19,2026-05-01,965.89,pendiente,media
ORD-000042,2026-04-07,2026-04-10,6281.07,pendiente,baja
ORD-000043,2026-04-08,2026-04-28,6000.16,activa,media
ORD-000044,2026-04-07,2026-04-12,5588.18,entregada,baja
ORD-000045,2026-03-08,2026-03-21,5701.86,activa,baja
ORD-000046,2026-04-22,2026-04-30,3792.29,activa,baja
ORD-000047,2026-04-04,2026-04-07,9714.8,activa,baja
ORD-000048,2026-04-06,2026-04-13,9374.45,activa,alta
ORD-000049,2026-04-11,2026-04-27,7838.48,cancelada,alta
ORD-000050,2026-04-23,2026-05-11,8304.01,activa,alta
ORD-000051,2026-04-01,2026-04-12,7475.11,en_ruta,baja
ORD-000052,2026-03-27,2026-04-05,430.79,cancelada,baja
ORD-000053,2026-03-16,2026-04-04,7825.76,cancelada,alta
ORD-000054,2026-04-17,2026-04-28,9299.33,en_ruta,baja
ORD-000055,2026-03-19,2026-03-27,9259.2,en_ruta,media
ORD-000056,2026-04-05,2026-04-21,9558,en_ruta,alta
ORD-000057,2026-03-12,2026-03-22,7968.38,cancelada,media
ORD-000058,2026-04-10,2026-04-16,9102.62,cancelada,alta
ORD-000059,2026-03-01,2026-03-12,1525.95,entregada,media
ORD-000060,2026-03-24,2026-04-01,3936.79,cancelada,media
ORD-000061,2026-03-01,2026-03-14,3525.02,activa,baja
ORD-000062,2026-03-10,2026-03-25,3148.63,pendiente,baja
ORD-000063,2026-02-23,2026-03-01,6817.15,activa,baja
ORD-000064,2026-03-12,2026-03-30,1021.25,cancelada,alta
ORD-000065,2026-04-07,2026-04-10,8258.41,entregada,media
ORD-000066,2026-04-23,2026-05-08,8157.91,en_ruta,alta
ORD-000067,2026-03-12,2026-03-31,7762.7,pendiente,alta
ORD-000068,2026-04-14,2026-04-24,6553.44,entregada,media
ORD-000069,2026-04-15,2026-05-06,9880.4,pendiente,baja
ORD-000070,2026-04-06,2026-04-13,8983.33,en_ruta,media
ORD-000071,2026-04-15,2026-04-23,8974.55,activa,alta
ORD-000072,2026-03-17,2026-04-07,1674.74,pendiente,alta
ORD-000073,2026-02-23,2026-03-17,4806.03,activa,baja
ORD-000074,2026-03-22,2026-04-03,8392.36,activa,media
ORD-000075,2026-03-04,2026-03-10,320.21,pendiente,alta
ORD-000076,2026-03-25,2026-04-15,8937.07,cancelada,baja
ORD-000077,2026-03-19,2026-03-22,9477.35,entregada,media
ORD-000078,2026-03-15,2026-04-01,6129.57,en_ruta,baja
ORD-000079,2026-03-17,2026-04-07,8978.43,activa,baja
ORD-000080,2026-03-01,2026-03-09,9491.8,activa,baja
ORD-000081,2026-04-08,2026-04-11,3387.64,entregada,media
ORD-000082,2026-04-21,2026-05-01,1019.67,activa,alta
ORD-000083,2026-03-17,2026-03-27,5272.2,cancelada,media
ORD-000084,2026-02-24,2026-02-27,1786.81,en_ruta,alta
ORD-000085,2026-04-09,2026-04-17,468.4,entregada,alta
ORD-000086,2026-04-11,2026-04-25,3219.92,pendiente,media
ORD-000087,2026-04-11,2026-04-19,6085.05,en_ruta,alta
ORD-000088,2026-04-05,2026-04-24,8359.32,entregada,media
ORD-000089,2026-03-16,2026-04-06,8061.72,cancelada,alta
ORD-000090,2026-04-22,2026-05-01,6275.88,activa,baja
ORD-000091,2026-04-17,2026-05-02,4729.92,en_ruta,media
ORD-000092,2026-03-10,2026-03-16,2557.18,en_ruta,alta
ORD-000093,2026-02-27,2026-03-14,8957.21,cancelada,alta
ORD-000094,2026-04-08,2026-04-22,4026.87,cancelada,alta
ORD-000095,2026-03-20,2026-03-27,8145.88,activa,media
ORD-000096,2026-03-12,2026-03-30,5376.58,en_ruta,alta
ORD-000097,2026-04-11,2026-04-17,4646.87,pendiente,media
ORD-000098,2026-04-23,2026-05-05,1504.74,entregada,media
ORD-000099,2026-04-22,2026-05-02,1560.54,en_ruta,media
ORD-000100,2026-04-15,2026-04-19,1118.14,activa,baja
ORD-000101,2026-02-27,2026-03-10,5693.16,pendiente,media
ORD-000102,2026-02-28,2026-03-17,2240.86,entregada,alta
ORD-000103,2026-04-22,2026-04-29,5077.12,en_ruta,baja
ORD-000104,2026-03-30,2026-04-16,6647.46,entregada,media
ORD-000105,2026-03-22,2026-03-31,529.52,cancelada,baja
ORD-000106,2026-04-20,2026-04-29,5973.34,pendiente,baja
ORD-000107,2026-03-10,2026-03-28,410.84,pendiente,alta
ORD-000108,2026-04-19,2026-05-03,5851.51,entregada,baja
ORD-000109,2026-03-23,2026-03-29,2546.48,activa,media
ORD-000110,2026-03-25,2026-04-12,732.53,pendiente,baja
ORD-000111,2026-03-03,2026-03-16,5915.29,pendiente,alta
ORD-000112,2026-03-11,2026-03-20,1585.16,entregada,baja
ORD-000113,2026-02-24,2026-03-03,3539.39,cancelada,alta
ORD-000114,2026-03-03,2026-03-06,210.12,cancelada,media
ORD-000115,2026-04-14,2026-04-18,1983.8,cancelada,baja
ORD-000116,2026-04-18,2026-05-06,4638.06,activa,alta
ORD-000117,2026-03-09,2026-03-14,8581.73,entregada,alta
ORD-000118,2026-03-07,2026-03-20,3594.14,cancelada,alta
ORD-000119,2026-03-27,2026-04-12,3919.62,pendiente,alta
ORD-000120,2026-03-20,2026-04-09,3690.66,cancelada,media
ORD-000121,2026-04-18,2026-04-26,5212.76,pendiente,alta
ORD-000122,2026-03-01,2026-03-09,8305.99,en_ruta,media
ORD-000123,2026-04-11,2026-04-19,3234.46,pendiente,alta
ORD-000124,2026-03-06,2026-03-17,6811.71,cancelada,baja
ORD-000125,2026-03-02,2026-03-06,3036.76,entregada,media
ORD-000126,2026-03-24,2026-04-04,9989.68,en_ruta,baja
ORD-000127,2026-03-20,2026-03-28,7760.23,pendiente,media
ORD-000128,2026-02-26,2026-03-11,4254.67,pendiente,baja
ORD-000129,2026-03-05,2026-03-08,5991.67,entregada,alta
ORD-000130,2026-04-03,2026-04-09,1987.7,entregada,media
ORD-000131,2026-04-09,2026-04-14,6458.27,pendiente,alta
ORD-000132,2026-02-27,2026-03-20,10005.75,pendiente,alta
ORD-000133,2026-03-17,2026-03-31,1162.92,en_ruta,alta
ORD-000134,2026-03-11,2026-03-20,2259.54,en_ruta,media
ORD-000135,2026-03-16,2026-04-07,277.13,activa,media
ORD-000136,2026-03-09,2026-03-28,3485.52,en_ruta,baja
ORD-000137,2026-04-08,2026-04-27,3427.69,cancelada,media
ORD-000138,2026-03-06,2026-03-28,2062.11,entregada,alta
ORD-000139,2026-04-21,2026-04-26,1717.78,pendiente,baja
ORD-000140,2026-03-05,2026-03-14,9802.29,pendiente,media
ORD-000141,2026-04-22,2026-04-25,6028.69,cancelada,baja
ORD-000142,2026-03-29,2026-04-18,3738.1,entregada,baja
ORD-000143,2026-03-02,2026-03-13,6101.42,pendiente,media
ORD-000144,2026-04-09,2026-04-20,4591.09,cancelada,baja
ORD-000145,2026-03-31,2026-04-11,7300.19,activa,baja
ORD-000146,2026-03-13,2026-03-24,664.04,activa,baja
ORD-000147,2026-03-05,2026-03-18,922.93,cancelada,media
ORD-000148,2026-04-17,2026-04-23,7502.32,pendiente,baja
ORD-000149,2026-04-14,2026-04-25,6055.13,entregada,media
ORD-000150,2026-03-21,2026-03-28,5147.93,activa,baja
ORD-000151,2026-03-05,2026-03-20,997.33,entregada,alta
ORD-000152,2026-03-14,2026-03-24,9541.31,entregada,media
ORD-000153,2026-03-29,2026-04-05,1454.31,cancelada,alta
ORD-000154,2026-03-11,2026-03-31,3483.7,cancelada,media
ORD-000155,2026-03-31,2026-04-17,4588.17,entregada,baja
ORD-000156,2026-03-12,2026-03-21,2436.07,cancelada,alta
ORD-000157,2026-02-23,2026-03-03,7722.17,activa,baja
ORD-000158,2026-03-04,2026-03-11,1672.15,activa,baja
ORD-000159,2026-03-01,2026-03-19,8659.7,activa,media
ORD-000160,2026-02-23,2026-02-27,7251.89,pendiente,media
ORD-000161,2026-04-12,2026-04-15,4420.23,pendiente,alta
ORD-000162,2026-04-18,2026-04-26,1805.92,entregada,baja
ORD-000163,2026-03-22,2026-03-29,1310.09,activa,baja
ORD-000164,2026-04-08,2026-04-17,6358.45,pendiente,alta
ORD-000165,2026-04-22,2026-05-08,1235.83,en_ruta,media
ORD-000166,2026-03-12,2026-04-02,4704.14,en_ruta,baja
ORD-000167,2026-03-03,2026-03-23,3748.58,activa,media
ORD-000168,2026-04-08,2026-04-13,3730.54,cancelada,alta
ORD-000169,2026-03-27,2026-03-30,303.48,pendiente,media
ORD-000170,2026-03-18,2026-03-31,4025.4,cancelada,media
ORD-000171,2026-03-27,2026-04-17,8671.66,activa,alta
ORD-000172,2026-04-04,2026-04-17,4408.53,entregada,media
ORD-000173,2026-04-23,2026-05-05,3485,en_ruta,media
ORD-000174,2026-03-01,2026-03-14,6427.45,en_ruta,baja
ORD-000175,2026-04-02,2026-04-12,3581.7,cancelada,baja
ORD-000176,2026-04-08,2026-04-16,5577.92,entregada,baja
ORD-000177,2026-03-28,2026-04-11,2872.97,pendiente,media
ORD-000178,2026-03-03,2026-03-10,4032.58,en_ruta,baja
ORD-000179,2026-03-14,2026-04-03,4329.51,cancelada,alta
ORD-000180,2026-03-14,2026-03-26,3892.85,entregada,media
ORD-000181,2026-02-25,2026-03-01,2418.28,cancelada,baja
ORD-000182,2026-03-10,2026-03-28,698.76,pendiente,alta
ORD-000183,2026-03-29,2026-04-03,8273.17,pendiente,media
ORD-000184,2026-04-22,2026-04-25,3378.98,activa,media
ORD-000185,2026-04-06,2026-04-27,2665.3,en_ruta,alta
ORD-000186,2026-04-01,2026-04-23,2808.35,cancelada,alta
ORD-000187,2026-03-02,2026-03-13,6797.65,entregada,alta
ORD-000188,2026-04-10,2026-04-23,4093.77,cancelada,media
ORD-000189,2026-04-23,2026-05-07,4869.13,activa,alta
ORD-000190,2026-03-15,2026-04-01,1908.71,activa,media
ORD-000191,2026-03-16,2026-03-26,9748.67,pendiente,baja
ORD-000192,2026-04-01,2026-04-10,4247.34,entregada,baja
ORD-000193,2026-04-23,2026-05-07,7093.6,activa,media
ORD-000194,2026-04-07,2026-04-12,930.35,entregada,baja
ORD-000195,2026-03-26,2026-04-17,5976.56,entregada,media
ORD-000196,2026-03-09,2026-03-20,4126.69,entregada,baja
ORD-000197,2026-03-24,2026-04-07,9729.81,activa,baja
ORD-000198,2026-02-24,2026-03-11,5139.7,en_ruta,alta
ORD-000199,2026-04-08,2026-04-22,1945.59,activa,media
ORD-000200,2026-03-09,2026-03-25,8852.82,en_ruta,alta
ORD-000201,2026-04-23,2026-05-05,6026,activa,alta
ORD-000202,2026-03-05,2026-03-20,8284.95,entregada,media
ORD-000203,2026-04-21,2026-04-25,1339.86,cancelada,alta
ORD-000204,2026-04-14,2026-04-23,4251.84,pendiente,baja
ORD-000205,2026-04-10,2026-04-23,5925.03,cancelada,alta
ORD-000206,2026-03-23,2026-03-26,1490.46,en_ruta,alta
ORD-000207,2026-03-17,2026-03-27,8179.63,cancelada,alta
ORD-000208,2026-03-21,2026-03-28,2702.71,entregada,baja
ORD-000209,2026-04-21,2026-04-25,1427.94,cancelada,media
ORD-000210,2026-04-02,2026-04-05,936.55,entregada,baja
ORD-000211,2026-02-23,2026-03-11,7652.86,activa,baja
ORD-000212,2026-04-08,2026-04-21,1367.06,entregada,baja
ORD-000213,2026-04-16,2026-05-03,4266.95,cancelada,media
ORD-000214,2026-04-07,2026-04-26,5817.28,pendiente,baja
ORD-000215,2026-03-20,2026-04-04,2399.43,entregada,baja
ORD-000216,2026-04-01,2026-04-08,1863.77,activa,baja
ORD-000217,2026-04-12,2026-04-15,7469.04,cancelada,media
ORD-000218,2026-02-28,2026-03-09,5302.59,entregada,alta
ORD-000219,2026-03-20,2026-04-01,960.14,cancelada,baja
ORD-000220,2026-03-09,2026-03-13,3152.35,entregada,media
ORD-000221,2026-04-17,2026-04-30,1398.84,en_ruta,alta
ORD-000222,2026-04-12,2026-04-23,9963.02,activa,media
ORD-000223,2026-04-18,2026-04-28,8912.78,entregada,baja
ORD-000224,2026-04-22,2026-05-06,6046.38,cancelada,alta
ORD-000225,2026-03-28,2026-04-15,7808.52,cancelada,alta
ORD-000226,2026-03-30,2026-04-10,9209.15,cancelada,media
ORD-000227,2026-03-04,2026-03-18,313.19,activa,media
ORD-000228,2026-03-09,2026-03-21,7632.97,entregada,alta
ORD-000229,2026-04-03,2026-04-15,2334.77,entregada,alta
ORD-000230,2026-04-20,2026-05-11,9746.8,activa,media
ORD-000231,2026-04-23,2026-05-03,3134.41,en_ruta,alta
ORD-000232,2026-03-01,2026-03-19,3488.05,cancelada,alta
ORD-000233,2026-02-23,2026-03-01,8456.87,pendiente,baja
ORD-000234,2026-03-04,2026-03-09,1855.06,pendiente,media
ORD-000235,2026-03-30,2026-04-14,3541.56,en_ruta,baja
ORD-000236,2026-04-01,2026-04-23,491.19,en_ruta,media
ORD-000237,2026-04-08,2026-04-19,2171.8,en_ruta,alta
ORD-000238,2026-03-16,2026-03-26,6368.82,entregada,baja
ORD-000239,2026-03-27,2026-04-14,6032.79,pendiente,baja
ORD-000240,2026-04-11,2026-05-03,202.25,entregada,media
ORD-000241,2026-04-18,2026-04-24,6310.65,cancelada,baja
ORD-000242,2026-03-18,2026-03-22,5349.92,entregada,media
ORD-000243,2026-04-16,2026-04-21,1582.8,cancelada,alta
ORD-000244,2026-04-19,2026-05-02,6424.52,entregada,media
ORD-000245,2026-04-04,2026-04-08,5296.54,activa,alta
ORD-000246,2026-04-03,2026-04-18,8406.94,activa,alta
ORD-000247,2026-02-28,2026-03-04,6625.84,entregada,baja
ORD-000248,2026-03-03,2026-03-10,4056.69,en_ruta,media
ORD-000249,2026-04-09,2026-04-24,783.59,activa,baja
ORD-000250,2026-03-19,2026-03-30,6034.55,pendiente,alta
ORD-000251,2026-04-12,2026-04-15,7764.41,entregada,alta
ORD-000252,2026-04-18,2026-05-05,2542.93,entregada,baja
ORD-000253,2026-04-17,2026-05-07,9129.78,en_ruta,baja
ORD-000254,2026-03-08,2026-03-19,1381.32,entregada,baja
ORD-000255,2026-03-17,2026-04-03,5621.62,en_ruta,alta
ORD-000256,2026-04-06,2026-04-19,6523.9,activa,baja
ORD-000257,2026-02-28,2026-03-17,3947.61,pendiente,baja
ORD-000258,2026-03-21,2026-03-24,7420.51,cancelada,baja
ORD-000259,2026-04-02,2026-04-14,1642.51,cancelada,baja
ORD-000260,2026-03-03,2026-03-07,6035.18,activa,alta
ORD-000261,2026-03-21,2026-03-24,8094.49,activa,alta
ORD-000262,2026-03-29,2026-04-08,286.92,pendiente,alta
ORD-000263,2026-03-15,2026-04-01,9902.2,entregada,baja
ORD-000264,2026-04-19,2026-05-08,1358.47,cancelada,baja
ORD-000265,2026-03-07,2026-03-10,2894.04,en_ruta,baja
ORD-000266,2026-03-16,2026-03-22,7493.15,en_ruta,media
ORD-000267,2026-03-17,2026-03-31,5442.88,cancelada,baja
ORD-000268,2026-03-23,2026-03-27,373.05,en_ruta,alta
ORD-000269,2026-02-25,2026-03-02,9566.26,cancelada,baja
ORD-000270,2026-03-21,2026-04-01,7785.29,cancelada,media
ORD-000271,2026-03-30,2026-04-16,9673.49,activa,baja
ORD-000272,2026-03-22,2026-03-25,1589.72,activa,alta
ORD-000273,2026-02-23,2026-03-03,4801.28,pendiente,alta
ORD-000274,2026-03-20,2026-03-25,8468.84,cancelada,baja
ORD-000275,2026-03-28,2026-04-09,5019.81,entregada,baja
ORD-000276,2026-02-27,2026-03-14,8151.24,cancelada,media
ORD-000277,2026-03-07,2026-03-24,7623.79,entregada,alta
ORD-000278,2026-03-21,2026-03-25,8557.02,en_ruta,media
ORD-000279,2026-04-19,2026-05-04,2246.33,pendiente,media
ORD-000280,2026-03-23,2026-04-02,6721.21,entregada,alta
ORD-000281,2026-04-21,2026-04-24,7398.78,activa,media
ORD-000282,2026-02-27,2026-03-15,2071.48,en_ruta,alta
ORD-000283,2026-04-18,2026-04-26,3557.92,pendiente,alta
ORD-000284,2026-03-26,2026-04-02,8344.63,cancelada,alta
ORD-000285,2026-04-14,2026-05-01,2991.17,entregada,baja
ORD-000286,2026-02-25,2026-03-16,701.43,activa,media
ORD-000287,2026-04-03,2026-04-10,2397.29,entregada,alta
ORD-000288,2026-04-09,2026-04-29,4811.94,entregada,media
ORD-000289,2026-03-02,2026-03-09,2207.61,cancelada,baja
ORD-000290,2026-03-29,2026-04-14,7060.93,en_ruta,alta
ORD-000291,2026-04-15,2026-05-05,7411.94,pendiente,alta
ORD-000292,2026-03-13,2026-03-18,4509.82,entregada,baja
ORD-000293,2026-04-08,2026-04-25,6215.71,entregada,media
ORD-000294,2026-03-21,2026-03-30,9465.91,cancelada,alta
ORD-000295,2026-03-29,2026-04-20,7695.26,pendiente,media
ORD-000296,2026-04-09,2026-04-26,1681.32,pendiente,alta
ORD-000297,2026-03-03,2026-03-10,8070.88,cancelada,baja
ORD-000298,2026-04-07,2026-04-16,2709.1,activa,alta
ORD-000299,2026-02-28,2026-03-07,2523.02,entregada,media
ORD-000300,2026-03-06,2026-03-15,4368.8,pendiente,alta
ORD-000301,2026-03-20,2026-03-30,7794.52,pendiente,alta
ORD-000302,2026-03-27,2026-04-15,3189.73,pendiente,baja
ORD-000303,2026-03-07,2026-03-28,4102.86,activa,baja
ORD-000304,2026-03-28,2026-04-16,8455.58,en_ruta,baja
ORD-000305,2026-03-15,2026-04-03,2055.02,entregada,baja
ORD-000306,2026-04-21,2026-05-04,8470.69,pendiente,baja
ORD-000307,2026-03-18,2026-03-26,4600.27,cancelada,alta
ORD-000308,2026-04-15,2026-05-02,5387.72,en_ruta,alta
ORD-000309,2026-03-07,2026-03-15,2125.97,cancelada,alta
ORD-000310,2026-04-10,2026-04-29,2273.46,entregada,baja
ORD-000311,2026-03-30,2026-04-17,5779.98,en_ruta,baja
ORD-000312,2026-04-11,2026-04-24,4912.07,en_ruta,alta
ORD-000313,2026-03-24,2026-03-28,2720.66,activa,baja
ORD-000314,2026-04-06,2026-04-10,1743.9,activa,alta
ORD-000315,2026-03-29,2026-04-18,4058.44,cancelada,media
ORD-000316,2026-04-22,2026-05-14,259.12,pendiente,baja
ORD-000317,2026-03-13,2026-03-29,252.88,entregada,baja
ORD-000318,2026-02-25,2026-03-08,4730.11,en_ruta,media
ORD-000319,2026-03-07,2026-03-15,2748.53,en_ruta,alta
ORD-000320,2026-03-18,2026-03-27,6544.93,en_ruta,baja
ORD-000321,2026-02-23,2026-03-01,6012.13,pendiente,media
ORD-000322,2026-04-13,2026-04-25,3842.86,cancelada,media
ORD-000323,2026-04-14,2026-05-03,6912.44,pendiente,baja
ORD-000324,2026-04-21,2026-05-01,3796.35,activa,baja
ORD-000325,2026-03-18,2026-03-21,2373.2,pendiente,alta
ORD-000326,2026-03-31,2026-04-15,6878.1,entregada,alta
ORD-000327,2026-04-02,2026-04-17,6012.8,pendiente,alta
ORD-000328,2026-04-17,2026-04-21,3912.23,cancelada,media
ORD-000329,2026-04-05,2026-04-22,6603.01,activa,media
ORD-000330,2026-04-11,2026-04-18,9453.72,cancelada,baja
ORD-000331,2026-04-11,2026-04-14,7509.79,activa,alta
ORD-000332,2026-03-15,2026-03-20,5616.22,pendiente,baja
ORD-000333,2026-03-19,2026-04-08,4490.11,en_ruta,media
ORD-000334,2026-03-12,2026-03-22,5461.51,entregada,baja
ORD-000335,2026-03-05,2026-03-25,3019.09,pendiente,alta
ORD-000336,2026-02-27,2026-03-12,2309.83,entregada,alta
ORD-000337,2026-04-12,2026-05-03,9293.78,pendiente,baja
ORD-000338,2026-04-10,2026-04-30,7224.96,pendiente,baja
ORD-000339,2026-03-12,2026-03-29,6519.31,entregada,alta
ORD-000340,2026-03-14,2026-03-28,7879.25,activa,alta
ORD-000341,2026-03-05,2026-03-27,8167.41,cancelada,media
ORD-000342,2026-04-23,2026-05-12,6189.01,pendiente,media
ORD-000343,2026-03-09,2026-03-26,291.53,en_ruta,media
ORD-000344,2026-03-07,2026-03-12,7844.19,entregada,media
ORD-000345,2026-04-01,2026-04-04,3341.04,entregada,alta
ORD-000346,2026-03-11,2026-03-16,5714.4,en_ruta,baja
ORD-000347,2026-04-18,2026-04-24,6667.48,activa,baja
ORD-000348,2026-04-18,2026-04-27,1042.25,pendiente,baja
ORD-000349,2026-02-26,2026-03-05,4032,en_ruta,media
ORD-000350,2026-04-11,2026-04-21,2206.98,activa,alta
ORD-000351,2026-03-08,2026-03-29,3778.85,pendiente,alta
ORD-000352,2026-04-17,2026-05-02,8338.8,activa,alta
ORD-000353,2026-04-05,2026-04-27,9953.13,en_ruta,baja
ORD-000354,2026-04-21,2026-05-01,6182.71,activa,media
ORD-000355,2026-03-05,2026-03-18,5076.04,entregada,alta
ORD-000356,2026-04-06,2026-04-16,5037.98,cancelada,baja
ORD-000357,2026-03-24,2026-04-06,9550.52,entregada,baja
ORD-000358,2026-03-15,2026-04-03,2428,activa,media
ORD-000359,2026-03-31,2026-04-05,4798.11,entregada,baja
ORD-000360,2026-04-23,2026-05-03,9768.58,pendiente,alta
ORD-000361,2026-04-01,2026-04-17,7831.66,en_ruta,media
ORD-000362,2026-02-24,2026-02-27,3078.52,cancelada,media
ORD-000363,2026-03-01,2026-03-04,1290.39,cancelada,media
ORD-000364,2026-03-29,2026-04-19,5394.79,cancelada,media
ORD-000365,2026-03-19,2026-04-03,4123.41,pendiente,alta
ORD-000366,2026-04-13,2026-04-24,7744.15,en_ruta,media
ORD-000367,2026-03-30,2026-04-15,117.47,en_ruta,alta
ORD-000368,2026-04-18,2026-04-21,1306.64,cancelada,alta
ORD-000369,2026-03-02,2026-03-17,8178.03,pendiente,media
ORD-000370,2026-04-16,2026-05-01,4909.44,entregada,alta
ORD-000371,2026-04-05,2026-04-24,105.28,cancelada,baja
ORD-000372,2026-03-05,2026-03-27,3387.49,entregada,baja
ORD-000373,2026-03-21,2026-04-03,4988.36,pendiente,baja
ORD-000374,2026-03-30,2026-04-05,1680.25,activa,alta
ORD-000375,2026-04-16,2026-04-24,3123.51,en_ruta,baja
ORD-000376,2026-04-08,2026-04-15,6926.32,entregada,baja
ORD-000377,2026-03-02,2026-03-18,2190.61,activa,baja
ORD-000378,2026-02-28,2026-03-20,5623.01,cancelada,media
ORD-000379,2026-04-08,2026-04-29,4117.73,en_ruta,baja
ORD-000380,2026-03-03,2026-03-12,5455.45,en_ruta,baja
ORD-000381,2026-03-02,2026-03-13,1371.43,pendiente,media
ORD-000382,2026-03-07,2026-03-19,7501.42,entregada,baja
ORD-000383,2026-04-01,2026-04-19,6662.41,pendiente,alta
ORD-000384,2026-03-01,2026-03-08,8638.09,activa,baja
ORD-000385,2026-04-11,2026-04-26,8963.75,pendiente,alta
ORD-000386,2026-04-20,2026-05-12,8434.42,cancelada,baja
ORD-000387,2026-04-12,2026-04-24,790.63,pendiente,baja
ORD-000388,2026-03-24,2026-04-09,6865.64,en_ruta,baja
ORD-000389,2026-03-06,2026-03-18,6097.25,pendiente,baja
ORD-000390,2026-03-16,2026-04-01,5164.12,cancelada,media
ORD-000391,2026-03-25,2026-03-29,4292.01,en_ruta,baja
ORD-000392,2026-03-21,2026-04-05,5127.62,pendiente,alta
ORD-000393,2026-03-01,2026-03-06,2455.69,entregada,media
ORD-000394,2026-03-23,2026-04-05,5785.1,activa,baja
ORD-000395,2026-03-03,2026-03-23,6881.88,en_ruta,alta
ORD-000396,2026-04-03,2026-04-24,4445.4,en_ruta,alta
ORD-000397,2026-03-04,2026-03-23,7975.05,entregada,alta
ORD-000398,2026-03-01,2026-03-14,5464.89,en_ruta,baja
ORD-000399,2026-04-20,2026-05-08,6294.89,entregada,alta
ORD-000400,2026-04-18,2026-04-23,1235.68,activa,alta
ORD-000401,2026-04-03,2026-04-11,5564.96,activa,alta
ORD-000402,2026-04-04,2026-04-15,143.27,pendiente,alta
ORD-000403,2026-03-05,2026-03-12,1069.37,en_ruta,alta
ORD-000404,2026-03-01,2026-03-20,3366.16,pendiente,baja
ORD-000405,2026-03-31,2026-04-13,8840.35,entregada,media
ORD-000406,2026-03-02,2026-03-16,6765.09,entregada,alta
ORD-000407,2026-04-19,2026-04-29,9382.55,cancelada,alta
ORD-000408,2026-04-18,2026-04-29,1035.14,cancelada,alta
ORD-000409,2026-03-23,2026-03-30,7984.55,pendiente,media
ORD-000410,2026-03-20,2026-04-06,6125.78,activa,media
ORD-000411,2026-02-26,2026-03-03,1229.15,en_ruta,alta
ORD-000412,2026-04-19,2026-04-27,4769.61,cancelada,media
ORD-000413,2026-03-06,2026-03-16,4562.93,entregada,baja
ORD-000414,2026-04-23,2026-05-01,4167.21,entregada,media
ORD-000415,2026-03-19,2026-04-06,1016.89,cancelada,baja
ORD-000416,2026-02-28,2026-03-18,1900.75,entregada,alta
ORD-000417,2026-03-26,2026-03-30,5354.29,activa,alta
ORD-000418,2026-02-26,2026-03-01,5698.76,cancelada,alta
ORD-000419,2026-04-08,2026-04-12,7079.69,cancelada,alta
ORD-000420,2026-04-11,2026-04-14,9262.41,entregada,media
ORD-000421,2026-03-31,2026-04-22,6114.52,cancelada,baja
ORD-000422,2026-03-13,2026-03-23,277.6,activa,media
ORD-000423,2026-03-22,2026-04-08,1729.73,activa,alta
ORD-000424,2026-03-24,2026-04-14,5866.52,en_ruta,media
ORD-000425,2026-02-26,2026-03-04,561.03,en_ruta,media
ORD-000426,2026-03-01,2026-03-06,7071.92,en_ruta,media
ORD-000427,2026-04-13,2026-04-23,6413.84,cancelada,alta
ORD-000428,2026-03-19,2026-03-30,3362.05,en_ruta,baja
ORD-000429,2026-04-06,2026-04-09,6892.18,entregada,media
ORD-000430,2026-02-28,2026-03-13,6713.46,entregada,alta
ORD-000431,2026-03-22,2026-04-06,6183.71,en_ruta,alta
ORD-000432,2026-03-03,2026-03-18,9494.07,cancelada,alta
ORD-000433,2026-03-04,2026-03-14,6066.31,cancelada,baja
ORD-000434,2026-03-27,2026-04-15,7031.34,pendiente,alta
ORD-000435,2026-03-23,2026-03-28,1580.68,entregada,baja
ORD-000436,2026-03-10,2026-03-13,7227.75,en_ruta,baja
ORD-000437,2026-04-14,2026-04-19,1867.25,activa,media
ORD-000438,2026-04-02,2026-04-17,8686.03,pendiente,media
ORD-000439,2026-04-03,2026-04-14,8804.33,entregada,media
ORD-000440,2026-03-05,2026-03-24,9124.92,en_ruta,media
ORD-000441,2026-04-14,2026-04-25,8390.39,entregada,baja
ORD-000442,2026-03-20,2026-04-01,839.38,en_ruta,alta
ORD-000443,2026-03-30,2026-04-13,2669.86,en_ruta,alta
ORD-000444,2026-03-24,2026-04-05,9971.43,en_ruta,alta
ORD-000445,2026-03-12,2026-04-03,6939.62,pendiente,media
ORD-000446,2026-04-23,2026-04-30,2694.65,pendiente,media
ORD-000447,2026-03-25,2026-04-01,9422.95,entregada,baja
ORD-000448,2026-03-16,2026-03-26,2141.87,en_ruta,media
ORD-000449,2026-04-22,2026-05-01,648.52,activa,media
ORD-000450,2026-04-09,2026-04-18,4858.64,cancelada,alta
ORD-000451,2026-03-11,2026-03-18,403.26,en_ruta,alta
ORD-000452,2026-03-11,2026-03-15,6876.57,activa,alta
ORD-000453,2026-04-14,2026-04-19,7796.72,activa,baja
ORD-000454,2026-04-12,2026-04-16,3489.81,activa,media
ORD-000455,2026-04-09,2026-04-29,1005.9,pendiente,alta
ORD-000456,2026-04-14,2026-04-28,8236.75,en_ruta,alta
ORD-000457,2026-04-01,2026-04-16,5207.35,cancelada,media
ORD-000458,2026-04-11,2026-04-20,9759.9,en_ruta,baja
ORD-000459,2026-04-17,2026-05-05,90.91,cancelada,media
ORD-000460,2026-03-20,2026-03-26,9751.73,activa,alta
ORD-000461,2026-04-05,2026-04-25,3688.29,activa,baja
ORD-000462,2026-04-18,2026-04-29,4309.77,en_ruta,alta
ORD-000463,2026-04-14,2026-05-04,6891.76,en_ruta,baja
ORD-000464,2026-04-19,2026-05-08,4816.22,pendiente,media
ORD-000465,2026-03-14,2026-04-05,8183.75,entregada,media
ORD-000466,2026-03-08,2026-03-12,545.55,cancelada,baja
ORD-000467,2026-04-23,2026-04-26,8350.81,en_ruta,alta
ORD-000468,2026-03-10,2026-03-22,1876.09,entregada,media
ORD-000469,2026-04-04,2026-04-23,1024.41,cancelada,alta
ORD-000470,2026-04-10,2026-04-14,4116.95,entregada,media
ORD-000471,2026-04-02,2026-04-20,2616.86,activa,media
ORD-000472,2026-03-27,2026-04-12,6454.73,entregada,baja
ORD-000473,2026-03-01,2026-03-08,7828.74,en_ruta,media
ORD-000474,2026-04-10,2026-04-18,9671.22,entregada,alta
ORD-000475,2026-03-26,2026-04-04,7474.53,en_ruta,baja
ORD-000476,2026-04-05,2026-04-23,1907.41,entregada,media
ORD-000477,2026-04-06,2026-04-14,9805.86,entregada,alta
ORD-000478,2026-04-14,2026-04-29,6506.59,cancelada,baja
ORD-000479,2026-03-10,2026-03-29,1343.41,pendiente,alta
ORD-000480,2026-04-21,2026-05-04,5673.72,pendiente,media
ORD-000481,2026-02-23,2026-03-07,5250.44,activa,media
ORD-000482,2026-04-03,2026-04-18,3288.67,en_ruta,media
ORD-000483,2026-02-23,2026-02-28,3191.67,pendiente,media
ORD-000484,2026-04-19,2026-04-27,8735.41,entregada,alta
ORD-000485,2026-03-18,2026-04-02,9836.66,en_ruta,baja
ORD-000486,2026-04-11,2026-04-24,2941.95,pendiente,baja
ORD-000487,2026-03-13,2026-04-02,3534.98,entregada,baja
ORD-000488,2026-04-09,2026-04-19,1403.62,cancelada,media
ORD-000489,2026-04-06,2026-04-22,3333.63,activa,baja
ORD-000490,2026-04-22,2026-05-11,6024.37,pendiente,alta
ORD-000491,2026-03-03,2026-03-19,8946.11,activa,media
ORD-000492,2026-03-25,2026-04-06,9583.75,pendiente,baja
ORD-000493,2026-04-11,2026-04-26,163.18,en_ruta,baja
ORD-000494,2026-04-01,2026-04-12,5415.76,pendiente,alta
ORD-000495,2026-03-26,2026-04-02,2374.91,cancelada,media
ORD-000496,2026-03-22,2026-03-26,54.91,en_ruta,alta
ORD-000497,2026-04-05,2026-04-26,619.79,entregada,alta
ORD-000498,2026-03-02,2026-03-08,4631.15,entregada,alta
ORD-000499,2026-04-19,2026-04-23,8652.7,entregada,baja
ORD-000500,2026-04-01,2026-04-04,5425.2,en_ruta,media
ORD-000501,2026-03-25,2026-04-13,6897.81,cancelada,media
ORD-000502,2026-04-19,2026-04-30,9923.07,activa,baja
ORD-000503,2026-04-12,2026-04-30,5831.7,pendiente,baja
ORD-000504,2026-03-16,2026-03-30,1001.08,cancelada,media
ORD-000505,2026-04-12,2026-04-23,1095.67,pendiente,baja
ORD-000506,2026-03-28,2026-04-12,6152.93,en_ruta,alta
ORD-000507,2026-04-15,2026-04-26,7075.19,pendiente,alta
ORD-000508,2026-04-08,2026-04-26,1157.2,entregada,baja
ORD-000509,2026-04-05,2026-04-22,8108.14,entregada,baja
ORD-000510,2026-03-28,2026-04-11,6901.93,pendiente,media
ORD-000511,2026-04-14,2026-04-25,3802.46,cancelada,baja
ORD-000512,2026-03-13,2026-03-26,9246.2,activa,baja
ORD-000513,2026-03-14,2026-04-05,2950.94,activa,alta
ORD-000514,2026-03-15,2026-03-26,939.56,activa,baja
ORD-000515,2026-02-27,2026-03-09,3361.2,cancelada,media
ORD-000516,2026-03-31,2026-04-03,6374.6,activa,baja
ORD-000517,2026-03-30,2026-04-10,7742.89,en_ruta,alta
ORD-000518,2026-04-07,2026-04-21,2885,pendiente,baja
ORD-000519,2026-03-30,2026-04-12,192.88,cancelada,baja
ORD-000520,2026-03-29,2026-04-03,5998.59,en_ruta,baja
ORD-000521,2026-04-07,2026-04-21,3726,en_ruta,alta
ORD-000522,2026-04-18,2026-05-04,3916.56,en_ruta,baja
ORD-000523,2026-03-08,2026-03-20,3498.71,entregada,alta
ORD-000524,2026-04-21,2026-05-09,6499.69,activa,alta
ORD-000525,2026-03-26,2026-03-29,2395.62,pendiente,media
ORD-000526,2026-04-21,2026-04-26,9493.4,cancelada,media
ORD-000527,2026-02-27,2026-03-15,909.51,cancelada,baja
ORD-000528,2026-04-18,2026-04-24,907.37,en_ruta,media
ORD-000529,2026-04-09,2026-04-24,9838.7,entregada,alta
ORD-000530,2026-03-18,2026-03-30,8502.02,activa,alta
ORD-000531,2026-02-27,2026-03-14,2647.62,cancelada,alta
ORD-000532,2026-04-15,2026-04-29,8854.23,cancelada,baja
ORD-000533,2026-02-26,2026-03-13,8380.34,cancelada,alta
ORD-000534,2026-03-05,2026-03-14,2358.43,pendiente,media
ORD-000535,2026-02-27,2026-03-15,9727.07,entregada,media
ORD-000536,2026-02-25,2026-03-02,4294.62,entregada,media
ORD-000537,2026-03-09,2026-03-12,4270.92,activa,baja
ORD-000538,2026-03-03,2026-03-22,9652.94,pendiente,alta
ORD-000539,2026-03-22,2026-04-13,6143.25,pendiente,baja
ORD-000540,2026-04-02,2026-04-05,4784.36,entregada,alta
ORD-000541,2026-04-10,2026-04-15,7032.43,activa,alta
ORD-000542,2026-03-15,2026-03-30,6461.41,en_ruta,baja
ORD-000543,2026-03-04,2026-03-14,7339.36,en_ruta,alta
ORD-000544,2026-03-24,2026-04-14,8963.82,activa,media
ORD-000545,2026-03-12,2026-03-21,7000.04,en_ruta,baja
ORD-000546,2026-03-25,2026-03-31,1007.32,en_ruta,baja
ORD-000547,2026-03-22,2026-04-10,1644.45,cancelada,media
ORD-000548,2026-04-17,2026-04-29,4569.19,activa,media
ORD-000549,2026-04-23,2026-04-27,8156.67,pendiente,baja
ORD-000550,2026-03-22,2026-03-26,1797.91,pendiente,baja
ORD-000551,2026-03-25,2026-04-09,3970.67,activa,media
ORD-000552,2026-04-02,2026-04-09,7239.09,activa,media
ORD-000553,2026-04-22,2026-04-29,7387.02,en_ruta,baja
ORD-000554,2026-03-15,2026-03-29,6056.6,activa,alta
ORD-000555,2026-04-16,2026-05-06,5874.89,pendiente,baja
ORD-000556,2026-04-12,2026-04-18,8517.53,activa,alta
ORD-000557,2026-03-26,2026-04-10,843.49,pendiente,alta
ORD-000558,2026-04-09,2026-04-25,7410.47,cancelada,baja
ORD-000559,2026-03-21,2026-03-26,6202.39,cancelada,alta
ORD-000560,2026-03-08,2026-03-14,4826,pendiente,alta
ORD-000561,2026-03-27,2026-04-15,7750.85,entregada,alta
ORD-000562,2026-04-09,2026-04-19,147.68,activa,alta
ORD-000563,2026-04-22,2026-05-06,725.69,en_ruta,alta
ORD-000564,2026-04-21,2026-05-01,679.27,activa,baja
ORD-000565,2026-04-18,2026-04-22,3739.78,activa,media
ORD-000566,2026-03-31,2026-04-06,8368.62,pendiente,baja
ORD-000567,2026-04-14,2026-05-05,1230.62,cancelada,media
ORD-000568,2026-03-02,2026-03-17,5598.03,entregada,baja
ORD-000569,2026-03-12,2026-03-26,4867.61,pendiente,media
ORD-000570,2026-04-13,2026-05-01,9718.87,en_ruta,alta
ORD-000571,2026-04-22,2026-05-13,7674.22,en_ruta,baja
ORD-000572,2026-03-01,2026-03-07,7088.5,entregada,media
ORD-000573,2026-04-06,2026-04-19,145.12,cancelada,baja
ORD-000574,2026-04-16,2026-04-30,2562.33,pendiente,baja
ORD-000575,2026-03-02,2026-03-19,1799.01,cancelada,alta
ORD-000576,2026-02-27,2026-03-14,9597.02,cancelada,media
ORD-000577,2026-03-29,2026-04-10,8032.93,activa,alta
ORD-000578,2026-04-18,2026-05-06,1109.59,activa,alta
ORD-000579,2026-03-10,2026-03-13,8552.64,entregada,baja
ORD-000580,2026-04-13,2026-05-02,6851.03,cancelada,media
ORD-000581,2026-04-14,2026-04-26,8110.67,entregada,baja
ORD-000582,2026-04-03,2026-04-09,4115.65,activa,baja
ORD-000583,2026-04-16,2026-04-22,8930.34,activa,media
ORD-000584,2026-03-18,2026-03-27,7971.97,cancelada,alta
ORD-000585,2026-04-12,2026-04-26,4943.36,en_ruta,baja
ORD-000586,2026-03-24,2026-04-10,4924,activa,media
ORD-000587,2026-02-25,2026-03-16,8686.84,activa,baja
ORD-000588,2026-03-20,2026-03-25,7523.49,cancelada,media
ORD-000589,2026-03-26,2026-04-01,5100.69,activa,baja
ORD-000590,2026-03-25,2026-03-31,6168.44,cancelada,alta
ORD-000591,2026-03-26,2026-04-12,1903.35,entregada,media
ORD-000592,2026-02-25,2026-03-15,4120.87,entregada,alta
ORD-000593,2026-04-02,2026-04-21,3458.03,pendiente,media
ORD-000594,2026-03-14,2026-03-28,4426.83,pendiente,baja
ORD-000595,2026-03-07,2026-03-24,208.56,cancelada,alta
ORD-000596,2026-03-05,2026-03-10,1365.11,entregada,media
ORD-000597,2026-03-23,2026-04-01,2758.48,entregada,alta
ORD-000598,2026-02-24,2026-03-02,3027.51,activa,media
ORD-000599,2026-02-27,2026-03-04,9793.57,pendiente,alta
ORD-000600,2026-03-31,2026-04-19,8766.49,en_ruta,media
ORD-000601,2026-03-24,2026-03-30,1767.28,en_ruta,baja
ORD-000602,2026-04-23,2026-05-14,7736.32,cancelada,baja
ORD-000603,2026-03-03,2026-03-24,1486.13,activa,media
ORD-000604,2026-04-14,2026-04-23,6794.17,entregada,media
ORD-000605,2026-04-10,2026-04-24,3125.58,cancelada,media
ORD-000606,2026-04-02,2026-04-16,9879.39,entregada,media
ORD-000607,2026-04-19,2026-04-28,440.82,activa,media
ORD-000608,2026-02-25,2026-02-28,4749.29,cancelada,media
ORD-000609,2026-04-20,2026-05-02,4846.2,cancelada,media
ORD-000610,2026-03-02,2026-03-17,4914.61,activa,media
ORD-000611,2026-04-15,2026-04-30,399.54,entregada,baja
ORD-000612,2026-04-11,2026-04-24,4905.95,cancelada,media
ORD-000613,2026-04-08,2026-04-21,3115.83,entregada,alta
ORD-000614,2026-03-26,2026-04-17,3884.45,en_ruta,media
ORD-000615,2026-04-15,2026-04-22,8251.51,entregada,media
ORD-000616,2026-03-10,2026-03-19,3626.8,en_ruta,media
ORD-000617,2026-02-24,2026-03-17,9673.6,activa,alta
ORD-000618,2026-03-11,2026-03-14,9809.68,en_ruta,baja
ORD-000619,2026-03-16,2026-03-20,4860.31,cancelada,baja
ORD-000620,2026-03-30,2026-04-03,5769.51,activa,media
ORD-000621,2026-02-27,2026-03-21,6073.6,cancelada,alta
ORD-000622,2026-03-03,2026-03-15,7325.81,activa,alta
ORD-000623,2026-04-09,2026-04-18,5385.89,cancelada,alta
ORD-000624,2026-02-27,2026-03-20,904.27,entregada,alta
ORD-000625,2026-03-15,2026-03-19,2034.98,cancelada,baja
ORD-000626,2026-02-23,2026-03-17,6514.03,activa,alta
ORD-000627,2026-03-13,2026-03-17,5826.26,cancelada,media
ORD-000628,2026-03-02,2026-03-06,2466.44,pendiente,alta
ORD-000629,2026-04-04,2026-04-24,5673.6,activa,baja
ORD-000630,2026-04-02,2026-04-16,4531.3,pendiente,alta
ORD-000631,2026-03-06,2026-03-10,9028.18,activa,alta
ORD-000632,2026-04-03,2026-04-23,4897.55,entregada,baja
ORD-000633,2026-04-21,2026-05-11,8977.52,en_ruta,media
ORD-000634,2026-03-25,2026-04-12,6530.28,pendiente,alta
ORD-000635,2026-04-11,2026-04-21,3277.65,pendiente,alta
ORD-000636,2026-03-10,2026-03-16,9929.18,pendiente,alta
ORD-000637,2026-04-07,2026-04-12,5341.05,pendiente,alta
ORD-000638,2026-04-23,2026-05-08,7428.96,activa,alta
ORD-000639,2026-03-26,2026-04-04,9638.88,entregada,media
ORD-000640,2026-02-27,2026-03-16,3640.32,en_ruta,baja
ORD-000641,2026-03-12,2026-03-22,2522.83,en_ruta,alta
ORD-000642,2026-04-08,2026-04-13,8626.54,activa,baja
ORD-000643,2026-03-16,2026-03-26,2811.61,cancelada,alta
ORD-000644,2026-02-26,2026-03-05,958.84,en_ruta,baja
ORD-000645,2026-04-23,2026-05-02,9682.66,pendiente,media
ORD-000646,2026-04-04,2026-04-26,9268.87,entregada,media
ORD-000647,2026-03-18,2026-04-04,4357.74,entregada,media
ORD-000648,2026-03-04,2026-03-12,8320.16,en_ruta,media
ORD-000649,2026-04-19,2026-04-22,8465.51,entregada,media
ORD-000650,2026-03-22,2026-04-02,8879.93,entregada,media
ORD-000651,2026-03-12,2026-03-28,6781.2,activa,media
ORD-000652,2026-04-21,2026-05-08,6356.65,cancelada,baja
ORD-000653,2026-03-23,2026-04-06,7572.07,pendiente,media
ORD-000654,2026-03-02,2026-03-13,7220.57,en_ruta,baja
ORD-000655,2026-03-13,2026-03-26,4290.62,activa,alta
ORD-000656,2026-04-20,2026-05-05,503.71,en_ruta,baja
ORD-000657,2026-03-15,2026-04-06,1605.73,en_ruta,media
ORD-000658,2026-03-09,2026-03-12,3809.15,en_ruta,alta
ORD-000659,2026-03-23,2026-04-09,4991.81,entregada,media
ORD-000660,2026-04-18,2026-04-25,3611.51,cancelada,media
ORD-000661,2026-03-10,2026-03-19,4362.41,pendiente,baja
ORD-000662,2026-02-27,2026-03-10,2042.25,activa,media
ORD-000663,2026-03-24,2026-04-12,9922.79,en_ruta,media
ORD-000664,2026-03-01,2026-03-05,3705,activa,media
ORD-000665,2026-03-25,2026-04-01,5471.61,cancelada,alta
ORD-000666,2026-04-18,2026-04-21,9267,cancelada,alta
ORD-000667,2026-04-03,2026-04-15,4615.09,en_ruta,media
ORD-000668,2026-03-25,2026-04-04,4121.1,pendiente,baja
ORD-000669,2026-03-20,2026-03-28,2703.85,pendiente,alta
ORD-000670,2026-02-24,2026-03-14,1330.8,en_ruta,media
ORD-000671,2026-03-27,2026-04-01,649.49,entregada,media
ORD-000672,2026-03-16,2026-04-07,9454.43,cancelada,baja
ORD-000673,2026-03-02,2026-03-11,2789.76,entregada,baja
ORD-000674,2026-04-23,2026-05-04,8606.84,en_ruta,alta
ORD-000675,2026-04-22,2026-05-08,93.72,cancelada,alta
ORD-000676,2026-03-24,2026-03-29,8430.65,en_ruta,baja
ORD-000677,2026-04-03,2026-04-16,5615.83,en_ruta,alta
ORD-000678,2026-02-26,2026-03-09,992.18,en_ruta,baja
ORD-000679,2026-03-11,2026-03-31,5125.89,activa,media
ORD-000680,2026-03-08,2026-03-18,8063.56,en_ruta,alta
ORD-000681,2026-02-23,2026-03-17,5883.49,pendiente,media
ORD-000682,2026-02-28,2026-03-15,7661.41,pendiente,media
ORD-000683,2026-03-19,2026-03-28,8244.24,cancelada,baja
ORD-000684,2026-03-11,2026-03-21,5154.68,pendiente,alta
ORD-000685,2026-03-16,2026-04-05,7221.49,cancelada,baja
ORD-000686,2026-04-17,2026-04-23,7402.56,cancelada,alta
ORD-000687,2026-03-16,2026-03-30,5756.23,en_ruta,media
ORD-000688,2026-03-16,2026-03-28,7066.99,activa,alta
ORD-000689,2026-03-22,2026-03-29,5025.88,cancelada,alta
ORD-000690,2026-04-08,2026-04-24,6690.06,cancelada,alta
ORD-000691,2026-04-08,2026-04-27,1170.82,activa,baja
ORD-000692,2026-02-27,2026-03-04,9011.35,entregada,baja
ORD-000693,2026-03-21,2026-04-03,9045.47,en_ruta,alta
ORD-000694,2026-04-16,2026-04-21,9008.78,entregada,media
ORD-000695,2026-04-08,2026-04-19,5621.03,entregada,baja
ORD-000696,2026-03-28,2026-04-16,2901.08,en_ruta,baja
ORD-000697,2026-03-16,2026-03-19,5508.63,cancelada,baja
ORD-000698,2026-03-30,2026-04-15,3492.99,pendiente,alta
ORD-000699,2026-03-29,2026-04-19,4951.76,entregada,alta
ORD-000700,2026-02-25,2026-03-02,8940.5,entregada,media
ORD-000701,2026-03-25,2026-04-14,1555.31,activa,alta
ORD-000702,2026-04-07,2026-04-15,2991.42,en_ruta,alta
ORD-000703,2026-04-11,2026-04-16,2780.57,activa,baja
ORD-000704,2026-04-06,2026-04-12,7732.25,entregada,alta
ORD-000705,2026-04-19,2026-04-27,6984.54,en_ruta,alta
ORD-000706,2026-04-01,2026-04-08,8834.61,activa,media
ORD-000707,2026-03-01,2026-03-16,360.25,cancelada,media
ORD-000708,2026-03-22,2026-04-03,7299.15,pendiente,alta
ORD-000709,2026-03-20,2026-03-24,939.73,pendiente,alta
ORD-000710,2026-03-02,2026-03-08,5609.05,en_ruta,media
ORD-000711,2026-03-13,2026-04-03,5146.04,entregada,media
ORD-000712,2026-02-27,2026-03-14,7348.91,activa,alta
ORD-000713,2026-04-23,2026-05-14,5339.27,entregada,media
ORD-000714,2026-03-06,2026-03-10,2507.69,cancelada,media
ORD-000715,2026-03-03,2026-03-19,8022.26,activa,baja
ORD-000716,2026-02-25,2026-03-02,3963.22,pendiente,alta
ORD-000717,2026-04-08,2026-04-27,9757.64,cancelada,baja
ORD-000718,2026-03-09,2026-03-22,8173.21,cancelada,baja
ORD-000719,2026-04-05,2026-04-16,2076.69,entregada,media
ORD-000720,2026-04-13,2026-05-01,9152.31,cancelada,media
ORD-000721,2026-04-21,2026-05-06,9890.64,en_ruta,media
ORD-000722,2026-04-06,2026-04-11,5828.23,en_ruta,alta
ORD-000723,2026-04-11,2026-04-18,208.82,en_ruta,baja
ORD-000724,2026-04-14,2026-04-17,541.45,activa,media
ORD-000725,2026-04-01,2026-04-07,8993.97,entregada,alta
ORD-000726,2026-03-04,2026-03-18,9022.55,pendiente,media
ORD-000727,2026-03-24,2026-04-11,5782.04,cancelada,baja
ORD-000728,2026-02-28,2026-03-20,3584.07,entregada,alta
ORD-000729,2026-03-09,2026-03-16,8454.82,entregada,baja
ORD-000730,2026-04-18,2026-04-28,9113.36,cancelada,baja
ORD-000731,2026-03-25,2026-03-28,9644.25,cancelada,alta
ORD-000732,2026-04-11,2026-04-27,4536.2,en_ruta,media
ORD-000733,2026-04-22,2026-05-09,3746.69,cancelada,media
ORD-000734,2026-03-21,2026-04-06,7403.06,pendiente,alta
ORD-000735,2026-03-07,2026-03-20,7498.72,pendiente,media
ORD-000736,2026-03-17,2026-04-07,1801.65,entregada,baja
ORD-000737,2026-04-08,2026-04-30,6271.19,entregada,media
ORD-000738,2026-02-26,2026-03-01,7284.97,en_ruta,media
ORD-000739,2026-03-14,2026-04-01,1961.65,entregada,media
ORD-000740,2026-03-21,2026-03-27,973.24,pendiente,alta
ORD-000741,2026-03-31,2026-04-21,1944.85,cancelada,alta
ORD-000742,2026-04-01,2026-04-19,1825.74,pendiente,alta
ORD-000743,2026-03-13,2026-04-03,423.95,entregada,alta
ORD-000744,2026-03-25,2026-04-05,2083.69,cancelada,alta
ORD-000745,2026-04-15,2026-04-30,346.93,pendiente,media
ORD-000746,2026-04-03,2026-04-09,2408.82,pendiente,baja
ORD-000747,2026-03-07,2026-03-20,362.5,cancelada,alta
ORD-000748,2026-04-02,2026-04-24,198.27,pendiente,alta
ORD-000749,2026-03-08,2026-03-16,3807.79,cancelada,baja
ORD-000750,2026-03-14,2026-03-29,7920.96,cancelada,media
ORD-000751,2026-02-28,2026-03-11,3910.51,entregada,baja
ORD-000752,2026-03-02,2026-03-11,8918.66,activa,alta
ORD-000753,2026-03-05,2026-03-19,9041.76,cancelada,media
ORD-000754,2026-04-01,2026-04-05,2834.88,pendiente,baja
ORD-000755,2026-04-01,2026-04-14,2970.36,pendiente,alta
ORD-000756,2026-04-02,2026-04-08,130.91,entregada,alta
ORD-000757,2026-02-26,2026-03-12,4015.96,en_ruta,media
ORD-000758,2026-03-25,2026-04-15,4560.17,en_ruta,alta
ORD-000759,2026-03-26,2026-04-13,4599.72,activa,media
ORD-000760,2026-04-04,2026-04-18,7605.99,entregada,baja
ORD-000761,2026-03-09,2026-03-30,7338.59,en_ruta,alta
ORD-000762,2026-04-12,2026-05-02,229.41,activa,media
ORD-000763,2026-02-23,2026-03-06,5510.93,cancelada,alta
ORD-000764,2026-03-28,2026-03-31,2014.14,cancelada,baja
ORD-000765,2026-03-29,2026-04-13,7423.48,activa,media
ORD-000766,2026-04-15,2026-05-01,4505.06,en_ruta,baja
ORD-000767,2026-04-11,2026-04-17,9363.94,entregada,alta
ORD-000768,2026-03-10,2026-03-25,9268.16,pendiente,media
ORD-000769,2026-04-13,2026-05-05,3956.64,cancelada,baja
ORD-000770,2026-02-24,2026-03-11,4657.33,activa,media
ORD-000771,2026-03-19,2026-03-22,388.86,pendiente,baja
ORD-000772,2026-04-04,2026-04-21,4869.28,entregada,alta
ORD-000773,2026-03-21,2026-03-26,5830.68,cancelada,alta
ORD-000774,2026-03-02,2026-03-21,629.44,en_ruta,baja
ORD-000775,2026-03-09,2026-03-30,9801.23,pendiente,baja
ORD-000776,2026-03-15,2026-03-27,3975.43,en_ruta,alta
ORD-000777,2026-02-26,2026-03-09,4238.37,entregada,alta
ORD-000778,2026-02-28,2026-03-08,4968.45,cancelada,media
ORD-000779,2026-04-12,2026-04-26,2475.02,en_ruta,baja
ORD-000780,2026-03-30,2026-04-09,5262.84,entregada,baja
ORD-000781,2026-04-16,2026-04-27,9444.45,pendiente,alta
ORD-000782,2026-03-06,2026-03-25,7230.48,entregada,baja
ORD-000783,2026-04-07,2026-04-14,1870.32,pendiente,baja
ORD-000784,2026-03-15,2026-03-26,2294.25,entregada,baja
ORD-000785,2026-03-07,2026-03-27,667.14,entregada,alta
ORD-000786,2026-03-23,2026-03-27,6019.81,entregada,media
ORD-000787,2026-03-10,2026-03-17,8356.91,cancelada,media
ORD-000788,2026-04-20,2026-05-11,9764.63,pendiente,baja
ORD-000789,2026-03-31,2026-04-08,8332.35,entregada,alta
ORD-000790,2026-03-04,2026-03-18,8961.16,cancelada,media
ORD-000791,2026-04-04,2026-04-08,6768.04,pendiente,baja
ORD-000792,2026-03-29,2026-04-13,1811.1,activa,baja
ORD-000793,2026-02-24,2026-02-28,6089.83,activa,alta
ORD-000794,2026-04-22,2026-05-03,2087.21,entregada,baja
ORD-000795,2026-02-23,2026-03-06,3278.95,activa,baja
ORD-000796,2026-04-15,2026-05-02,7077.24,activa,alta
ORD-000797,2026-03-09,2026-03-24,145.23,activa,media
ORD-000798,2026-03-09,2026-03-15,2273.33,cancelada,baja
ORD-000799,2026-03-30,2026-04-11,9962.55,pendiente,alta
ORD-000800,2026-03-25,2026-04-08,4011.73,entregada,media
ORD-000801,2026-04-13,2026-05-03,1675.02,activa,alta
ORD-000802,2026-02-23,2026-02-27,7058.25,cancelada,media
ORD-000803,2026-04-22,2026-05-14,5786.55,pendiente,media
ORD-000804,2026-04-13,2026-04-25,4592.62,en_ruta,media
ORD-000805,2026-03-05,2026-03-09,9619.11,en_ruta,baja
ORD-000806,2026-04-08,2026-04-19,6065.59,en_ruta,baja
ORD-000807,2026-04-12,2026-04-29,9488.46,activa,baja
ORD-000808,2026-04-06,2026-04-24,3616.84,en_ruta,baja
ORD-000809,2026-04-18,2026-05-04,1250.86,cancelada,baja
ORD-000810,2026-04-01,2026-04-10,8664.7,entregada,media
ORD-000811,2026-03-05,2026-03-10,4638.32,entregada,media
ORD-000812,2026-03-04,2026-03-12,8464.46,pendiente,alta
ORD-000813,2026-04-04,2026-04-19,2428.55,activa,media
ORD-000814,2026-03-13,2026-03-20,2926.66,entregada,alta
ORD-000815,2026-03-07,2026-03-18,9789.38,pendiente,baja
ORD-000816,2026-04-03,2026-04-16,8124.55,cancelada,alta
ORD-000817,2026-04-08,2026-04-15,5099.83,entregada,media
ORD-000818,2026-04-04,2026-04-07,4311.55,entregada,alta
ORD-000819,2026-04-17,2026-04-22,6467.62,activa,media
ORD-000820,2026-03-28,2026-04-06,9245.02,activa,media
ORD-000821,2026-03-22,2026-04-06,7459.1,activa,alta
ORD-000822,2026-03-23,2026-03-26,2430.3,pendiente,baja
ORD-000823,2026-04-15,2026-04-28,7880.67,activa,baja
ORD-000824,2026-03-29,2026-04-15,5228.68,en_ruta,baja
ORD-000825,2026-04-04,2026-04-24,8193.23,entregada,alta
ORD-000826,2026-02-23,2026-03-02,8291.28,entregada,baja
ORD-000827,2026-04-18,2026-05-02,7347.13,activa,media
ORD-000828,2026-02-24,2026-03-04,2515.8,activa,baja
ORD-000829,2026-03-15,2026-04-04,3292.21,en_ruta,baja
ORD-000830,2026-03-10,2026-03-13,1674.99,pendiente,alta
ORD-000831,2026-02-24,2026-03-17,6674.35,entregada,baja
ORD-000832,2026-03-25,2026-03-31,3466.83,cancelada,alta
ORD-000833,2026-03-10,2026-03-14,5032.44,activa,media
ORD-000834,2026-04-20,2026-05-10,3363.55,cancelada,media
ORD-000835,2026-04-19,2026-04-24,6300.85,pendiente,baja
ORD-000836,2026-03-14,2026-03-29,7541.29,activa,alta
ORD-000837,2026-04-08,2026-04-27,9731.43,en_ruta,media
ORD-000838,2026-04-23,2026-05-12,223.41,en_ruta,media
ORD-000839,2026-04-21,2026-05-04,2240.14,en_ruta,media
ORD-000840,2026-04-07,2026-04-23,4523.29,cancelada,alta
ORD-000841,2026-03-20,2026-04-01,8504.97,pendiente,alta
ORD-000842,2026-03-08,2026-03-24,2395.56,entregada,baja
ORD-000843,2026-04-01,2026-04-05,4958.93,entregada,media
ORD-000844,2026-03-27,2026-04-13,5824.86,pendiente,alta
ORD-000845,2026-03-17,2026-03-21,1301.03,cancelada,media
ORD-000846,2026-04-22,2026-05-14,2298.27,cancelada,media
ORD-000847,2026-02-26,2026-03-03,3661.76,en_ruta,media
ORD-000848,2026-03-08,2026-03-15,6648.29,entregada,baja
ORD-000849,2026-04-18,2026-04-23,9826.06,pendiente,alta
ORD-000850,2026-04-11,2026-04-30,7387.88,en_ruta,baja
ORD-000851,2026-04-22,2026-05-12,5155.59,pendiente,media
ORD-000852,2026-03-23,2026-03-31,9582.35,pendiente,alta
ORD-000853,2026-02-23,2026-03-16,4468.97,cancelada,media
ORD-000854,2026-04-14,2026-04-17,3395.58,en_ruta,media
ORD-000855,2026-03-04,2026-03-22,9496.08,activa,alta
ORD-000856,2026-02-25,2026-03-03,7579.25,pendiente,baja
ORD-000857,2026-03-07,2026-03-23,7239.49,activa,baja
ORD-000858,2026-03-29,2026-04-18,8822.56,entregada,alta
ORD-000859,2026-03-12,2026-03-19,1164.77,en_ruta,baja
ORD-000860,2026-04-05,2026-04-22,6672.58,en_ruta,alta
ORD-000861,2026-03-08,2026-03-16,1732.25,pendiente,media
ORD-000862,2026-02-25,2026-03-11,6233.25,entregada,media
ORD-000863,2026-04-09,2026-04-17,800.15,cancelada,media
ORD-000864,2026-04-12,2026-04-30,376.75,activa,alta
ORD-000865,2026-02-28,2026-03-20,4370.56,en_ruta,media
ORD-000866,2026-04-11,2026-04-20,1375.47,pendiente,baja
ORD-000867,2026-03-01,2026-03-14,1055.41,activa,media
ORD-000868,2026-04-19,2026-05-04,9946.05,pendiente,alta
ORD-000869,2026-04-15,2026-04-28,3832.2,pendiente,media
ORD-000870,2026-03-08,2026-03-14,834.46,activa,baja
ORD-000871,2026-03-14,2026-04-03,3160.05,en_ruta,media
ORD-000872,2026-04-15,2026-05-04,735.22,cancelada,media
ORD-000873,2026-04-01,2026-04-09,9747.51,activa,baja
ORD-000874,2026-03-07,2026-03-23,3368.3,cancelada,alta
ORD-000875,2026-03-17,2026-03-21,4085.19,activa,media
ORD-000876,2026-04-07,2026-04-13,5316.33,activa,baja
ORD-000877,2026-02-26,2026-03-10,7722.55,activa,alta
ORD-000878,2026-03-21,2026-03-31,7995.58,activa,alta
ORD-000879,2026-04-15,2026-05-04,8902.81,en_ruta,media
ORD-000880,2026-04-22,2026-05-06,6511.26,cancelada,baja
ORD-000881,2026-04-23,2026-05-05,1453.19,entregada,baja
ORD-000882,2026-04-12,2026-05-04,7401.66,en_ruta,alta
ORD-000883,2026-03-30,2026-04-05,5304.62,entregada,alta
ORD-000884,2026-03-12,2026-04-02,9066.04,pendiente,alta
ORD-000885,2026-03-02,2026-03-10,1895.89,activa,alta
ORD-000886,2026-03-10,2026-03-27,5274.04,pendiente,alta
ORD-000887,2026-02-26,2026-03-03,3127.33,entregada,baja
ORD-000888,2026-03-13,2026-03-16,7826.52,cancelada,media
ORD-000889,2026-03-05,2026-03-08,8565.21,pendiente,baja
ORD-000890,2026-03-24,2026-04-03,1254.55,en_ruta,alta
ORD-000891,2026-04-19,2026-04-26,5572.92,activa,alta
ORD-000892,2026-04-06,2026-04-23,590.84,cancelada,baja
ORD-000893,2026-03-16,2026-03-27,10006.58,en_ruta,alta
ORD-000894,2026-03-09,2026-03-27,4162.07,pendiente,media
ORD-000895,2026-04-16,2026-05-08,9412.91,activa,alta
ORD-000896,2026-04-07,2026-04-23,6361.18,cancelada,baja
ORD-000897,2026-03-19,2026-04-02,4346.76,cancelada,baja
ORD-000898,2026-04-21,2026-04-26,287.06,pendiente,alta
ORD-000899,2026-03-03,2026-03-10,1376.37,pendiente,alta
ORD-000900,2026-04-14,2026-05-02,1022.01,entregada,media
ORD-000901,2026-04-14,2026-04-22,7847.68,entregada,baja
ORD-000902,2026-02-26,2026-03-08,1452.7,entregada,media
ORD-000903,2026-03-07,2026-03-20,5408.98,cancelada,alta
ORD-000904,2026-04-03,2026-04-15,5632.11,en_ruta,alta
ORD-000905,2026-04-16,2026-05-01,5040.09,pendiente,media
ORD-000906,2026-03-01,2026-03-16,4807.76,pendiente,media
ORD-000907,2026-03-06,2026-03-20,3298.07,cancelada,alta
ORD-000908,2026-03-14,2026-04-01,4456.18,cancelada,alta
ORD-000909,2026-03-29,2026-04-02,3345.93,activa,alta
ORD-000910,2026-03-02,2026-03-24,3332.83,activa,alta
ORD-000911,2026-03-12,2026-03-16,5765.33,pendiente,media
ORD-000912,2026-02-24,2026-03-06,1366.39,activa,baja
ORD-000913,2026-03-12,2026-03-30,3406.93,en_ruta,baja
ORD-000914,2026-03-12,2026-03-16,6940.39,en_ruta,alta
ORD-000915,2026-04-15,2026-05-01,8731.02,entregada,alta
ORD-000916,2026-04-14,2026-05-04,8082.3,entregada,alta
ORD-000917,2026-04-07,2026-04-26,1891.69,pendiente,baja
ORD-000918,2026-04-11,2026-04-14,362.93,en_ruta,alta
ORD-000919,2026-02-25,2026-03-15,1201.49,activa,baja
ORD-000920,2026-02-27,2026-03-04,7511.4,cancelada,media
ORD-000921,2026-04-09,2026-04-12,5138.17,cancelada,alta
ORD-000922,2026-02-26,2026-03-02,5774.54,activa,baja
ORD-000923,2026-02-28,2026-03-19,5397.52,entregada,alta
ORD-000924,2026-03-24,2026-04-04,2012.52,entregada,alta
ORD-000925,2026-04-04,2026-04-14,3124.52,pendiente,media
ORD-000926,2026-03-17,2026-03-24,5927.26,pendiente,baja
ORD-000927,2026-04-02,2026-04-05,5557.44,en_ruta,alta
ORD-000928,2026-03-28,2026-04-03,2779.45,en_ruta,baja
ORD-000929,2026-02-26,2026-03-01,2091.21,cancelada,media
ORD-000930,2026-04-14,2026-05-02,9639.25,cancelada,baja
ORD-000931,2026-03-13,2026-03-23,4173.71,en_ruta,alta
ORD-000932,2026-04-22,2026-05-13,5915.32,cancelada,baja
ORD-000933,2026-02-28,2026-03-17,3577.93,en_ruta,media
ORD-000934,2026-03-03,2026-03-23,5627.01,cancelada,baja
ORD-000935,2026-03-21,2026-04-11,3155.51,cancelada,media
ORD-000936,2026-04-17,2026-04-23,2377.93,pendiente,baja
ORD-000937,2026-03-17,2026-03-23,3502.32,pendiente,alta
ORD-000938,2026-02-23,2026-03-02,5616.34,en_ruta,baja
ORD-000939,2026-03-03,2026-03-09,7714.3,cancelada,media
ORD-000940,2026-03-08,2026-03-17,6866.44,pendiente,media
ORD-000941,2026-03-28,2026-04-09,4077.63,entregada,baja
ORD-000942,2026-03-29,2026-04-06,4817.53,pendiente,media
ORD-000943,2026-02-24,2026-03-07,9377.94,pendiente,media
ORD-000944,2026-03-01,2026-03-04,2700.31,cancelada,alta
ORD-000945,2026-04-05,2026-04-13,6468.25,en_ruta,baja
ORD-000946,2026-04-14,2026-04-30,1569.95,activa,media
ORD-000947,2026-04-21,2026-04-26,4360.76,entregada,media
ORD-000948,2026-03-08,2026-03-17,10020.42,activa,media
ORD-000949,2026-03-28,2026-04-01,5871.67,activa,baja
ORD-000950,2026-04-15,2026-04-19,5689.23,pendiente,alta
ORD-000951,2026-03-30,2026-04-16,5906.26,activa,baja
ORD-000952,2026-04-02,2026-04-20,499.71,pendiente,alta
ORD-000953,2026-04-21,2026-04-27,9199.38,cancelada,baja
ORD-000954,2026-03-14,2026-04-05,5473.65,cancelada,baja
ORD-000955,2026-03-24,2026-04-05,6040.91,entregada,media
ORD-000956,2026-03-19,2026-03-22,2771.45,en_ruta,media
ORD-000957,2026-03-26,2026-03-29,79.87,cancelada,media
ORD-000958,2026-03-21,2026-03-28,214.64,entregada,baja
ORD-000959,2026-03-20,2026-03-24,8159.31,entregada,baja
ORD-000960,2026-04-15,2026-04-25,6815.79,cancelada,baja
ORD-000961,2026-03-11,2026-03-23,9642.52,entregada,alta
ORD-000962,2026-03-31,2026-04-16,8946.9,pendiente,alta
ORD-000963,2026-04-04,2026-04-23,5362.96,activa,alta
ORD-000964,2026-04-19,2026-05-07,9050.5,entregada,media
ORD-000965,2026-04-11,2026-04-30,4921.57,en_ruta,media
ORD-000966,2026-04-08,2026-04-14,6769.12,en_ruta,baja
ORD-000967,2026-03-26,2026-04-06,7758.57,activa,alta
ORD-000968,2026-03-23,2026-04-01,3028.05,entregada,media
ORD-000969,2026-04-09,2026-04-14,3653,entregada,alta
ORD-000970,2026-04-12,2026-05-03,5041.82,activa,alta
ORD-000971,2026-03-03,2026-03-23,4494.94,activa,media
ORD-000972,2026-04-17,2026-04-20,1562.04,en_ruta,baja
ORD-000973,2026-02-27,2026-03-21,5181.56,cancelada,alta
ORD-000974,2026-03-27,2026-04-15,9932.17,entregada,alta
ORD-000975,2026-03-09,2026-03-19,5074.77,en_ruta,alta
ORD-000976,2026-04-15,2026-05-01,5948.13,entregada,media
ORD-000977,2026-03-10,2026-03-29,7818.75,cancelada,baja
ORD-000978,2026-02-23,2026-03-12,8860.99,entregada,alta
ORD-000979,2026-02-27,2026-03-14,7136.22,entregada,media
ORD-000980,2026-03-24,2026-04-13,4432.95,cancelada,alta
ORD-000981,2026-03-26,2026-04-05,8930.13,pendiente,alta
ORD-000982,2026-03-20,2026-03-23,3234.36,entregada,baja
ORD-000983,2026-03-28,2026-04-07,1703.66,en_ruta,media
ORD-000984,2026-03-08,2026-03-22,2895.11,pendiente,media
ORD-000985,2026-04-05,2026-04-09,1084.01,en_ruta,baja
ORD-000986,2026-03-06,2026-03-09,9418.09,pendiente,baja
ORD-000987,2026-03-31,2026-04-09,7679.2,en_ruta,alta
ORD-000988,2026-03-31,2026-04-09,4543.28,cancelada,baja
ORD-000989,2026-03-16,2026-03-25,8504.19,activa,baja
ORD-000990,2026-03-21,2026-04-02,4277.18,entregada,alta
ORD-000991,2026-02-24,2026-03-18,4519.67,entregada,baja
ORD-000992,2026-04-21,2026-05-11,116.9,cancelada,baja
ORD-000993,2026-02-25,2026-03-15,1294.19,activa,media
ORD-000994,2026-03-05,2026-03-15,3143.64,en_ruta,baja
ORD-000995,2026-03-01,2026-03-16,6157.84,entregada,media
ORD-000996,2026-04-06,2026-04-09,3748.35,en_ruta,media
ORD-000997,2026-04-09,2026-04-12,3189.1,entregada,media
ORD-000998,2026-03-24,2026-04-10,6946.22,activa,media
ORD-000999,2026-04-17,2026-04-29,6094.97,entregada,media
ORD-001000,2026-04-01,2026-04-23,4293.27,cancelada,media
ORD-001001,2026-04-14,2026-04-20,2348.95,entregada,media
ORD-001002,2026-03-29,2026-04-09,6645.63,entregada,alta
ORD-001003,2026-03-02,2026-03-23,9055.52,cancelada,alta
ORD-001004,2026-03-25,2026-03-28,6004.72,cancelada,alta
ORD-001005,2026-04-03,2026-04-21,9178.71,activa,media
ORD-001006,2026-04-01,2026-04-04,8892.91,entregada,baja
ORD-001007,2026-04-20,2026-05-11,3949.69,entregada,media
ORD-001008,2026-03-05,2026-03-11,5030.25,cancelada,alta
ORD-001009,2026-03-18,2026-04-07,8036.71,cancelada,alta
ORD-001010,2026-03-02,2026-03-22,4050.25,cancelada,alta
ORD-001011,2026-04-05,2026-04-18,745.75,activa,alta
ORD-001012,2026-02-26,2026-03-20,7831.17,pendiente,baja
ORD-001013,2026-03-03,2026-03-12,7029.46,activa,media
ORD-001014,2026-03-22,2026-04-12,2849.28,activa,alta
ORD-001015,2026-02-26,2026-03-12,894.14,entregada,baja
ORD-001016,2026-03-10,2026-03-18,6637.19,cancelada,alta
ORD-001017,2026-03-09,2026-03-25,4917.56,cancelada,media
ORD-001018,2026-04-23,2026-05-05,5299.83,entregada,alta
ORD-001019,2026-03-12,2026-03-25,1883.27,cancelada,media
ORD-001020,2026-04-05,2026-04-24,9814.38,pendiente,media
ORD-001021,2026-03-11,2026-03-31,7227.91,entregada,media
ORD-001022,2026-03-03,2026-03-20,3210.9,entregada,media
ORD-001023,2026-03-23,2026-04-14,9314.61,activa,media
ORD-001024,2026-03-10,2026-04-01,3824.22,cancelada,alta
ORD-001025,2026-03-19,2026-03-30,1725.72,entregada,alta
ORD-001026,2026-03-06,2026-03-09,8091.79,activa,media
ORD-001027,2026-04-04,2026-04-12,2360.24,entregada,baja
ORD-001028,2026-04-10,2026-04-20,3482.63,cancelada,baja
ORD-001029,2026-04-10,2026-04-29,1601.26,en_ruta,media
ORD-001030,2026-04-05,2026-04-22,1532.83,en_ruta,baja
ORD-001031,2026-03-17,2026-03-31,4284.81,pendiente,baja
ORD-001032,2026-03-10,2026-03-19,7043.25,cancelada,media
ORD-001033,2026-04-14,2026-04-19,473.61,pendiente,media
ORD-001034,2026-03-18,2026-04-01,6493.01,activa,baja
ORD-001035,2026-03-27,2026-04-08,5332.36,cancelada,alta
ORD-001036,2026-03-15,2026-04-04,2944.77,entregada,media
ORD-001037,2026-03-22,2026-03-31,7502.14,entregada,baja
ORD-001038,2026-03-27,2026-04-12,9151.72,entregada,alta
ORD-001039,2026-03-05,2026-03-16,5750.73,cancelada,alta
ORD-001040,2026-03-01,2026-03-17,6346.54,pendiente,media
ORD-001041,2026-03-19,2026-04-04,6836.39,activa,media
ORD-001042,2026-03-05,2026-03-24,4112.57,pendiente,alta
ORD-001043,2026-03-04,2026-03-16,6584.37,activa,alta
ORD-001044,2026-03-07,2026-03-13,6164.89,en_ruta,baja
ORD-001045,2026-04-14,2026-05-01,8365.5,en_ruta,alta
ORD-001046,2026-02-23,2026-02-28,7859.79,cancelada,media
ORD-001047,2026-04-07,2026-04-29,2446.57,en_ruta,baja
ORD-001048,2026-03-28,2026-04-18,4823.19,en_ruta,media
ORD-001049,2026-04-21,2026-05-10,5282.81,activa,baja
ORD-001050,2026-04-23,2026-05-02,2330.08,cancelada,media
ORD-001051,2026-03-04,2026-03-15,3507.59,activa,media
ORD-001052,2026-03-28,2026-04-12,4322.4,pendiente,media
ORD-001053,2026-02-23,2026-03-08,10000.06,pendiente,media
ORD-001054,2026-03-31,2026-04-16,7081.13,activa,baja
ORD-001055,2026-04-07,2026-04-10,7795.39,pendiente,alta
ORD-001056,2026-04-18,2026-05-08,2067.17,pendiente,baja
ORD-001057,2026-03-16,2026-03-23,3327.48,pendiente,media
ORD-001058,2026-04-16,2026-04-26,8000.24,activa,baja
ORD-001059,2026-02-25,2026-03-18,7674.49,cancelada,media
ORD-001060,2026-03-19,2026-03-30,1668.85,en_ruta,alta
ORD-001061,2026-03-01,2026-03-10,312.03,en_ruta,media
ORD-001062,2026-03-18,2026-04-01,5770.02,cancelada,media
ORD-001063,2026-03-07,2026-03-19,6438.57,cancelada,baja
ORD-001064,2026-04-03,2026-04-07,6994.18,pendiente,media
ORD-001065,2026-03-08,2026-03-13,4208.54,en_ruta,alta
ORD-001066,2026-04-18,2026-04-21,4427.93,activa,media
ORD-001067,2026-03-27,2026-03-31,2940.9,activa,media
ORD-001068,2026-03-14,2026-03-29,4315.9,en_ruta,media
ORD-001069,2026-04-18,2026-04-29,2942.02,entregada,alta
ORD-001070,2026-02-28,2026-03-13,7049.24,entregada,media
ORD-001071,2026-03-23,2026-04-13,2246.46,en_ruta,baja
ORD-001072,2026-04-09,2026-04-30,9540.16,en_ruta,baja
ORD-001073,2026-04-11,2026-04-21,6526.54,pendiente,media
ORD-001074,2026-02-24,2026-02-27,3156.63,activa,alta
ORD-001075,2026-03-08,2026-03-20,9609.94,en_ruta,baja
ORD-001076,2026-03-12,2026-03-29,2672.44,activa,baja
ORD-001077,2026-03-22,2026-04-10,3999.85,cancelada,media
ORD-001078,2026-04-23,2026-05-04,4853.16,activa,baja
ORD-001079,2026-03-30,2026-04-19,7795.77,en_ruta,alta
ORD-001080,2026-04-11,2026-04-17,8037.37,pendiente,media
ORD-001081,2026-03-20,2026-03-30,6797.01,pendiente,baja
ORD-001082,2026-03-31,2026-04-21,8690.4,en_ruta,baja
ORD-001083,2026-03-26,2026-04-13,484.23,pendiente,media
ORD-001084,2026-04-09,2026-04-26,8530.01,pendiente,alta
ORD-001085,2026-03-29,2026-04-08,1810.09,activa,alta
ORD-001086,2026-02-24,2026-03-14,8543.63,activa,media
ORD-001087,2026-04-02,2026-04-08,2855.51,activa,baja
ORD-001088,2026-03-08,2026-03-16,4304.57,pendiente,alta
ORD-001089,2026-02-27,2026-03-19,2399.79,entregada,media
ORD-001090,2026-03-11,2026-03-23,7211.69,en_ruta,media
ORD-001091,2026-04-14,2026-04-26,3791.59,entregada,alta
ORD-001092,2026-04-13,2026-04-30,2514.19,en_ruta,alta
ORD-001093,2026-04-02,2026-04-14,9487.23,pendiente,baja
ORD-001094,2026-04-07,2026-04-12,9929.96,activa,alta
ORD-001095,2026-03-08,2026-03-24,4041.68,pendiente,baja
ORD-001096,2026-03-31,2026-04-12,5373.64,en_ruta,media
ORD-001097,2026-03-30,2026-04-11,98.87,pendiente,alta
ORD-001098,2026-02-28,2026-03-17,710.19,cancelada,media
ORD-001099,2026-04-17,2026-04-25,5637.08,activa,alta
ORD-001100,2026-03-30,2026-04-10,6785.6,en_ruta,baja
ORD-001101,2026-03-17,2026-03-30,4637.49,pendiente,media
ORD-001102,2026-04-14,2026-04-26,1642.2,pendiente,media
ORD-001103,2026-04-22,2026-05-12,6103.1,cancelada,media
ORD-001104,2026-03-05,2026-03-08,7352.47,entregada,alta
ORD-001105,2026-04-11,2026-04-25,7592.44,cancelada,alta
ORD-001106,2026-03-18,2026-04-07,2968.81,cancelada,baja
ORD-001107,2026-04-08,2026-04-25,1739.33,activa,alta
ORD-001108,2026-03-20,2026-04-08,1475.27,activa,alta
ORD-001109,2026-03-22,2026-03-27,9200.07,en_ruta,alta
ORD-001110,2026-03-27,2026-04-12,2768.14,pendiente,alta
ORD-001111,2026-04-12,2026-04-23,1087.65,cancelada,media
ORD-001112,2026-04-21,2026-04-27,8255.73,en_ruta,baja
ORD-001113,2026-03-03,2026-03-14,1602.12,activa,media
ORD-001114,2026-04-02,2026-04-05,7567.06,activa,media
ORD-001115,2026-03-31,2026-04-18,3434.92,entregada,baja
ORD-001116,2026-03-18,2026-04-08,7176.96,activa,media
ORD-001117,2026-04-19,2026-04-30,7369.21,cancelada,baja
ORD-001118,2026-03-30,2026-04-02,9732.42,en_ruta,alta
ORD-001119,2026-02-24,2026-03-11,6368.56,cancelada,alta
ORD-001120,2026-04-01,2026-04-09,6473.98,activa,alta
ORD-001121,2026-04-12,2026-04-22,1556.07,activa,baja
ORD-001122,2026-03-12,2026-03-20,4888.66,entregada,media
ORD-001123,2026-03-07,2026-03-14,8692.21,activa,media
ORD-001124,2026-04-05,2026-04-17,5652.37,cancelada,media
ORD-001125,2026-04-02,2026-04-16,2028.13,activa,media
ORD-001126,2026-04-20,2026-05-04,474.77,activa,alta
ORD-001127,2026-04-22,2026-05-01,3958.27,pendiente,baja
ORD-001128,2026-04-04,2026-04-25,9578.44,cancelada,baja
ORD-001129,2026-03-19,2026-03-29,4751.91,en_ruta,media
ORD-001130,2026-03-06,2026-03-16,9248.37,en_ruta,alta
ORD-001131,2026-04-09,2026-04-30,9123.58,cancelada,media
ORD-001132,2026-04-19,2026-05-05,967.2,activa,baja
ORD-001133,2026-03-21,2026-04-05,9212.31,cancelada,media
ORD-001134,2026-04-01,2026-04-17,1994.29,activa,alta
ORD-001135,2026-02-27,2026-03-08,5930.86,en_ruta,baja
ORD-001136,2026-04-05,2026-04-10,787.37,entregada,alta
ORD-001137,2026-04-10,2026-04-27,1883.76,pendiente,media
ORD-001138,2026-04-05,2026-04-26,3400.33,cancelada,alta
ORD-001139,2026-03-19,2026-04-06,3671.28,en_ruta,alta
ORD-001140,2026-04-09,2026-04-28,9140.86,activa,media
ORD-001141,2026-03-13,2026-03-21,2816.06,pendiente,media
ORD-001142,2026-04-22,2026-05-08,8271.43,pendiente,alta
ORD-001143,2026-04-02,2026-04-14,5407.05,entregada,media
ORD-001144,2026-04-02,2026-04-09,2640.73,entregada,media
ORD-001145,2026-03-16,2026-03-25,7929.1,pendiente,media
ORD-001146,2026-04-05,2026-04-11,5666.97,activa,media
ORD-001147,2026-03-29,2026-04-19,6263.9,activa,baja
ORD-001148,2026-02-24,2026-03-10,8767.79,pendiente,baja
ORD-001149,2026-03-09,2026-03-20,2944.11,cancelada,baja
ORD-001150,2026-03-24,2026-04-01,9945.82,entregada,alta
ORD-001151,2026-03-01,2026-03-23,2908,entregada,alta
ORD-001152,2026-03-05,2026-03-14,6014.77,pendiente,alta
ORD-001153,2026-04-23,2026-05-02,297.84,entregada,baja
ORD-001154,2026-04-04,2026-04-07,2555.31,pendiente,alta
ORD-001155,2026-03-18,2026-03-28,3394.43,cancelada,media
ORD-001156,2026-02-25,2026-03-18,4145.71,entregada,baja
ORD-001157,2026-03-06,2026-03-21,2833.32,en_ruta,alta
ORD-001158,2026-02-23,2026-03-16,8684.5,en_ruta,baja
ORD-001159,2026-04-02,2026-04-15,1891.46,en_ruta,media
ORD-001160,2026-04-13,2026-04-28,5513.4,cancelada,baja
ORD-001161,2026-04-23,2026-04-26,2835.91,activa,baja
ORD-001162,2026-04-22,2026-04-27,441.57,cancelada,media
ORD-001163,2026-04-18,2026-04-26,7137.79,en_ruta,alta
ORD-001164,2026-03-15,2026-03-22,1793.08,en_ruta,baja
ORD-001165,2026-03-14,2026-03-30,5109.03,cancelada,baja
ORD-001166,2026-03-22,2026-04-12,5420.72,pendiente,baja
ORD-001167,2026-03-19,2026-03-24,1774.19,cancelada,baja
ORD-001168,2026-02-28,2026-03-06,1400.74,pendiente,media
ORD-001169,2026-03-01,2026-03-04,5269.92,activa,alta
ORD-001170,2026-03-28,2026-04-02,4199.04,activa,alta
ORD-001171,2026-03-12,2026-03-27,4229.53,activa,alta
ORD-001172,2026-04-12,2026-05-01,452.89,en_ruta,alta
ORD-001173,2026-03-04,2026-03-17,6768.11,activa,media
ORD-001174,2026-04-15,2026-04-20,6590.84,activa,alta
ORD-001175,2026-04-01,2026-04-17,401.83,entregada,baja
ORD-001176,2026-04-04,2026-04-23,4729.37,cancelada,media
ORD-001177,2026-03-03,2026-03-08,1010.71,activa,baja
ORD-001178,2026-03-24,2026-04-02,5442.95,cancelada,media
ORD-001179,2026-03-13,2026-03-16,6050.09,pendiente,baja
ORD-001180,2026-04-02,2026-04-19,1300.45,cancelada,media
ORD-001181,2026-04-02,2026-04-05,949.6,entregada,alta
ORD-001182,2026-04-05,2026-04-12,6859.11,activa,alta
ORD-001183,2026-03-21,2026-04-11,6534.76,en_ruta,baja
ORD-001184,2026-04-12,2026-04-18,5106.11,en_ruta,baja
ORD-001185,2026-04-20,2026-04-30,5963.51,pendiente,alta
ORD-001186,2026-04-01,2026-04-21,819.46,cancelada,baja
ORD-001187,2026-03-09,2026-03-27,3405.42,entregada,baja
ORD-001188,2026-04-23,2026-04-30,4535.74,entregada,alta
ORD-001189,2026-02-28,2026-03-13,8518.19,pendiente,baja
ORD-001190,2026-04-07,2026-04-25,3783.71,pendiente,baja
ORD-001191,2026-03-14,2026-03-23,2590.33,cancelada,media
ORD-001192,2026-04-12,2026-04-23,4174.52,pendiente,baja
ORD-001193,2026-02-24,2026-03-03,5375.14,activa,alta
ORD-001194,2026-04-14,2026-05-03,2301.83,pendiente,media
ORD-001195,2026-04-15,2026-05-04,7377.36,cancelada,alta
ORD-001196,2026-03-11,2026-03-25,3023.07,pendiente,media
ORD-001197,2026-03-23,2026-04-10,7672.92,cancelada,baja
ORD-001198,2026-04-22,2026-05-07,9711.36,entregada,baja
ORD-001199,2026-03-19,2026-03-25,4870.43,en_ruta,alta
ORD-001200,2026-03-23,2026-03-31,6454.64,pendiente,alta